influence,verifyName,fans
11,夏台凤,1
1,云翔,1
23,项杰,1
9,田子洳,1
1,成勋,1
1,周贵元,1
1,郭中友,1
8,郭翠芳,1
5,王磊,1
3,刘恒宇,1
13,杨嘉芸,1
14,林晓哲,1
3,赵静,1
5,王谨轩,1
1,乐诗辰,1
15,陈煜,1
12,那娜,1
14,郭紫祺,1
15,周翊,1
1,李日,1
7,叶静仪,1
1,桑妮,1
8,李晓璇,1
8,李甫,1
3,杨惜琳,1
1,陈嘉劲,1
3,李浚一,1
7,江蓉,1
8,龙杰,1
17,秦浩,1
3,高娜恩,1
23,刘若晴,1
5,刘宇哥,1
5,曹召,1
3,王行芝,2
5,黄远,2
13,叶少喃,2
14,胡妮娜,2
13,程培皓,2
8,陈楚寰,2
14,于小夫,2
11,翟廷军,2
14,芦浩,2
23,冯偌凝,2
3,孙照年,2
3,崔宇植,2
23,张扬子,2
2,郭婷婷,2
23,刘天松,2
8,全慧彬,2
5,晓晨,2
2,吴子毅,2
17,李友胜,2
5,孙语赛,2
8,崔丹尼尔,2
11,田家川,2
5,向嵩,2
5,凯利,2
5,王盈,2
15,夏小龙,2
13,马佳麒,2
5,刘旆豪,2
2,北代高士,2
5,郑国芳,2
5,陈之财,2
5,刘剑,2
8,沈海蓉,2
14,周俊伽,2
14,李娜,2
5,李晓燕,2
8,胡清蓝,2
13,虞颖嫣,2
14,王竹琴,2
5,乙黑绘里,2
5,云熙程,2
23,王紫馨,3
5,丹丹,3
11,崔钰,3
3,申思,3
3,牛长鑫,3
3,金镇佑,3
3,徐敏,3
3,林家宇,3
3,伦沙,3
5,刘忆瑾,3
13,刘雅桐,3
5,郑耿一,3
14,金小琴,3
12,陈述,3
3,晶爱丽,3
13,杨旭,3
12,焦婷,3
5,钱俊才,3
5,翟彦森,3
5,张雯熙,3
5,单建东,3
3,张建康,3
3,陈晶晶,3
5,陈希爱,3
8,周佳琪,3
3,阿贝哥,3
5,郭宇光,3
5,沈凡裕,3
5,王盛德,3
3,乔馨,3
8,希志爱野,3
14,谭雪,3
13,欧定兴,3
11,黄雅知,3
5,金敬雅,3
3,余晓彬,3
3,尹素怡,3
5,汤沁,3
3,车龙源,3
3,于紫唯,3
4,丘梓欣,4
14,大田儿,4
13,博博,4
11,常亮,4
5,苗乙乙,4
3,陈秀雯,4
8,金亚中,4
5,洪晨颖,4
12,孙璐,4
14,卢伟,4
5,霍露,4
4,傅剑虹,4
13,陈于婕,4
5,吴静娴,4
3,周上允,4
23,筱牧,4
8,郭蔼明,4
17,崔景天,4
14,闻雯,4
31,曹志颖,4
5,曾馨乐,4
5,杨燕宇,4
4,林姝敏,4
4,谭筠怡,4
5,昊明,4
4,汪芫,4
23,张莹静,4
8,马雅舒,4
4,王冉,4
14,王龙,4
5,晓庆,4
5,李晔,4
17,孟瑞娟,4
3,苏霈,4
5,礼志坚,4
13,陈锌凌,4
14,韩飞,4
11,赵梓浠,4
14,宋庆琳,4
12,刘佳萌,4
5,陈彦屹,4
4,关以瞳,4
3,欧阳铭骏,4
17,黄梓琪,4
3,金素恩,4
4,田帅,4
13,林家驹,4
23,张琳琳,4
5,陆佳妮,4
3,成小贝,4
14,陈诺,4
31,杨干龙,4
14,任雪,4
5,侬未至,4
3,朱龙广,4
5,林显源,5
23,米琪,5
5,胡琼,5
3,廖伟琪,5
5,吴琼,5
12,庞希贤,5
5,胡伶,5
5,王君益,5
5,李红,5
5,王武力,5
5,木热地力,5
7,云杨,5
3,渡边刚,5
5,闵稞莹,5
5,曾锦夏,5
3,叶志米,5
14,袁梦,5
5,陈怡川,5
5,Q熊妹妹,5
5,古亚鹏,5
5,罗云,5
5,刘怡君,5
5,徐淑媛,5
5,花臂,5
23,吴世晖,5
5,朱振豪,5
5,陈荣森,5
17,周蓉,5
5,董杨洋,5
23,宗驰宇,5
5,陈恩峰,5
8,姚远,5
5,孙朴乔,5
31,刘定宇,5
23,程可儿,5
5,李潇,5
5,聂赛,5
3,李倩,5
5,陈亚欧,5
5,初瑞雪,5
5,陆靓渊,5
13,吕伊涵,5
5,徐麒,5
5,管心彤,5
5,周鑫洋,5
5,释通乐,5
23,段雨欣,5
17,孙佳懿,5
14,张冠辉,5
5,全泰秀,5
5,乔圣子,5
5,韩在硕,5
5,王心悦,5
5,边宇,5
5,乔小薇,5
8,邓英,5
3,横山美雪,5
5,沈惠杰,5
8,田媛元,5
5,林昭宇,5
5,张潇洋,5
5,韩钦,5
5,崔可法,5
5,叶子淳,5
35,李雪明,5
30,貂静,5
5,刘宇菁,5
5,苗伟,5
5,汪洋,5
8,香澄果穗,5
5,杨皓惟,5
5,曾洁钰,5
5,顾乙亮,5
5,严千千,5
5,朴澜,5
5,王艺陶,5
20,董子武,5
5,张允赫,5
17,刘芷萌,5
5,陈博,5
5,李丹阳,5
5,金初晓,5
5,吴晓杰,5
5,陈妤婕,5
14,李锐,5
6,张倩博,6
23,马珊珊,6
5,蓝迪,6
5,邱彦翔,6
16,闫婧璇,6
8,汤志伟,6
16,李洋子,6
5,凤翔,6
6,李景宸,6
5,郭威,6
5,黄千肯,6
6,范美萱,6
12,刘栋升,6
5,佟磊,6
30,刘蔚森,6
6,葛龙,6
5,铃凯,6
23,樊韵儿,6
14,王梓清,6
3,韩智慧,6
5,颜颖思,6
14,蒂凡,6
6,陈笑傲,6
11,宋德东,6
5,程铃,6
23,张佳琦,6
14,郭银钰,6
6,熊鹏慧,6
14,高羽,6
17,林家慧,6
14,李庭瑞,6
5,金甫美,6
6,铁柱,6
23,王谌,6
8,钟蕙芝,6
14,袁媛,6
14,时小平,6
14,苏云胜,6
14,傅熙悦,6
11,李静,6
11,谷歌,6
11,孙博坤,6
6,袁惟,6
14,张秀珠,6
6,陈壹硕,6
14,安乐,6
14,张东雨,6
11,杨羚,6
3,千正明,6
23,曹荣,6
23,丁琪,6
5,孔天天,6
9,魏铭玮,6
5,金大洲,6
12,盖立,6
5,王丽莎,6
7,雷欣,7
7,张洁,7
11,陈婧,7
17,杨晓苇,7
7,矢琪,7
7,刘纬翔,7
7,张双利,7
7,由力,7
14,杨景超,7
8,胡靖钒,7
7,万花潼,7
14,董相宏,7
8,金素妍,7
7,柏仓裕太,7
7,李翊霏,7
8,赵婧彤,7
7,王威,7
7,赵欣,7
7,付杰铭,7
8,范元成,7
7,饶芯语,7
7,林恩伶,7
3,并木优,7
7,王博,7
7,杨孟茜,7
7,王晖,7
5,余炳贤,7
14,索南措,7
7,李若菲,7
30,杨伟,7
5,刘上清敬,7
7,张玮,7
7,Ken,7
7,邹蜜子,7
7,逸辰,7
7,徐诣帆,7
7,倪珈,7
7,李婧菡,7
7,张振浩,7
5,高以爱,7
7,殷俊伟,7
13,孙紫娇,7
7,赵曙光,7
14,申甲哲,7
7,董澜,7
94,陈建男,7
14,郭芷岑,7
7,郎永胜,7
14,王梓轩,7
7,甘子玉,7
7,张婉,7
7,马蕊,7
7,何小倩,7
7,叶子,7
7,梁佩盈,7
8,尹施允,7
13,徐建哲,7
14,赵芷漠,7
7,张霖风,7
7,丁飞,7
12,张春华,7
7,德龙,7
7,邱阳,7
5,前山雄,7
8,刘忠平,7
7,张皓`,7
7,谢侑良,7
7,李娜,7
7,朱妍熹,7
21,张俊欣,7
7,李淑昕,7
7,曾川玲,7
7,孙宗可,7
14,刘晋玮,7
7,司徒希文,7
7,王冠,7
7,郑靓歆,7
7,沈博i,7
7,闵百慧,7
16,宝宝,7
7,西田惠里奈,7
42,程春,7
8,高宇桥,7
7,任紫格,7
3,池华琼,7
3,黄仁德,7
57,韩超,7
23,叶涛,7
8,张耀心,8
8,尹相铉,8
17,郭政池,8
5,王欢,8
14,亮嘟嘟,8
11,许杨阳,8
8,陈友旺,8
14,宋宗亮,8
5,王燕,8
5,周亦辰,8
13,杰少,8
14,净林,8
9,张颖,8
11,居来,8
8,高勇,8
13,刘雨晨,8
3,林韦伶,8
8,严乙恩,8
3,秦勇,8
12,曹嘉圻,8
17,桃子,8
23,王淑,8
8,周小云,8
14,骆嘉琦,8
8,闫紫芸,8
8,高志爽,8
8,裴唯莹,8
14,张大涛,8
8,周逸之,8
8,邝敏慧,8
8,夏汉君,8
8,冯虞轩,8
8,懿航航,8
8,刘泓德,8
8,温家恒,8
8,李依璇,8
8,郑博夫,8
8,谢艾霖,8
8,张帆,8
8,梁梓豪,8
5,杨道临,8
5,张爽,8
8,沙亮,8
14,谢亚梅,8
8,卢奇,8
13,杨艾颖,8
8,赵翊懿,8
23,丛雨婷,8
11,古欣娜塔,8
8,贾龙,8
9,邓天浩,8
8,梁馨,8
14,陈璇子,8
49,朱晓川,8
5,李宣彤,8
13,白龙,8
8,狄杰,8
8,金林,8
8,林雅丽,8
8,杨学麟,8
14,许小简,8
14,张诗宇,8
14,李佳,8
5,李浚赫,8
8,李论,8
8,珈颍,8
5,方季惟,8
13,庄达菲菲,8
12,张云卉,8
5,陈瑞,8
23,李源静,8
8,扎西旺加,8
8,丘碧瑜,8
14,林以真,8
8,武利平,8
8,陈欣儿,8
8,张晶,8
5,谭静子,9
9,秦仪,9
9,廖建玲,9
14,张棣,9
9,李岢轩,9
9,梁兰兰,9
11,何妍希,9
23,吴尚泽,9
9,刘小涵,9
9,周游,9
9,王源,9
8,酒井法子,9
5,翠丝,9
5,刘荞u,9
9,何晶晶,9
9,马今,9
9,谭俊颖,9
9,张杨,9
9,邬慈果,9
9,梁小戏,9
14,泷潇,9
9,高思哲,9
9,小沈枫,9
9,罗紫曼,9
9,孙佳梵,9
9,涂霆骏,9
30,林致钦,9
28,刘凯旋,9
9,神玉美伊,9
5,张辛怡,9
8,刘倩羽,9
9,回思霖,9
14,向驰宇,9
9,王子烁,9
17,萧添尹,9
23,陈楚天,9
9,王小天,9
13,铁婷婷,9
17,马悦勋,9
14,马志勇,9
9,李昌浩,9
9,曹雪莹,9
5,刘光远,9
9,许彦青,9
9,杨筱璐,9
9,杨晓蓉,9
9,芦晶晶,9
9,孙成文,9
9,莫霏张,9
14,郭泳希,9
22,王靖茹,9
8,金铂林,9
9,亦勋,9
35,赵志国,9
5,陈文山,9
9,刘琳,9
5,高欣宇,9
23,魏雨琦,9
9,李洁,9
9,陈惟彤,9
14,李梓龙,9
12,马宥熙,9
5,唐丰,9
9,李振,9
9,松浦新,9
14,甫拉提吐尔逊,9
9,聂闻远,9
14,杨雅雯,9
5,邵庄,9
9,赵媛媛,9
23,周依晨,9
9,习星瑶,9
9,刘诚,9
9,王汀,9
10,姜晓贝,10
23,赵新,10
5,阿译,10
14,赵丹,10
10,张楠,10
10,宋波,10
10,朱帅羽,10
7,付庆,10
11,柯言,10
14,孟梦,10
10,崔野,10
14,李绮虹,10
14,石垒,10
10,哈彼,10
14,徐俪嘉,10
3,赵显宰,10
10,海涛,10
10,黎晓欣,10
14,逯春晓,10
10,汤梦筑,10
10,房先,10
10,罗方序,10
5,王琳迪,10
5,谢宛谕,10
10,门小强,10
14,李虹影,10
14,崔馨予,10
10,舒子嘉,10
10,娄译心,10
8,赛琳娜?戈麦斯,10
10,薛景耀,10
31,韦颢,10
23,黄经纬,10
10,梁国庆,10
30,王虎,10
13,张靖冉,10
5,陈幼芳,10
3,田少军,10
10,许嘉慧,10
12,高浩元,10
17,王恩琦,10
11,霍尔,10
3,潘美辰,10
5,王蓦然,10
26,张梓玲,10
9,刘晋麟,10
10,光磊,10
26,陆振华,10
26,金子熙,10
10,王新乔,10
5,张峰奇,10
10,郭伊娜,10
11,张杰,10
10,牛红装,10
5,何嘉文,10
5,翁馨仪,10
32,唐恺,10
16,解雯晴,10
17,冯洋,10
10,黎璐璐,10
14,李思遥,10
14,沈倩,10
5,原子惠,10
10,宋勃伊,10
10,琳琳周,10
11,欧阳青,10
10,沈人杰,10
14,李鼎鼎,10
10,岩彦,10
10,刘瑷嘉,10
11,杨振锋,10
31,文亮,10
11,萧学谦,11
11,邱芳思,11
8,肖雨,11
5,王昊翔,11
11,高美仪,11
11,王中楷,11
23,黄伊伊,11
11,郭晋嘉,11
14,张霸波,11
8,张卉,11
3,武习腾,11
14,关尔,11
11,刘洪斌,11
11,张晟,11
11,茅菁,11
11,陈瑶,11
11,张婧茹,11
11,罗丽岷,11
11,金丰,11
11,王依萱,11
11,韩盼盼,11
11,齐济,11
11,许杨,11
11,黄河,11
14,易勇,11
11,雷梦柳,11
11,何婉盈,11
14,罗威,11
14,蒋珊珊,11
5,多布杰,11
11,刘酾安,11
11,范爽,11
11,孙紫婵,11
5,傅娟,11
11,王嘉嘉,11
11,孔祥宇,11
11,王高,11
25,芦志干,11
11,黄姿琪,11
14,魏鹏骥,11
11,吴珈玮,11
30,姜采杉,11
11,曾宁馨,11
11,陈依淳,11
3,蔡芷纭,11
11,郑智,11
3,倪睿思,11
11,沈敏,11
11,赵丁丁,11
11,王娇,11
11,n娜,11
11,张瑾,11
11,钱嘉仪,11
11,钟正正,11
11,梁涵森,11
11,关紫宜,11
11,卫翔,11
11,张艺源,11
11,梅洋,11
11,姜泽雨,11
11,格杨,11
11,刘小菲,11
11,虹宇,11
11,胡嘉爱,11
11,林孟瑾,11
11,张善希,11
11,徐黛妮,11
11,孔艺涵,11
11,林子鱼,11
11,林雨,11
19,郑晴,11
11,陈熙锋,11
11,李诚洁,11
11,赖L中,11
11,郑嘉俊,11
11,李璋亮,11
11,舒画,11
11,袁婕呢,11
11,冯寅城,11
11,黄瑜洁,11
5,黄心娣,11
11,施欣余,11
11,刘立峰,11
11,贾征宇,11
11,万潼,11
12,张渲婕,11
11,顾鸣飞,11
11,方圆,11
11,白安@,11
11,许伽逸,11
11,张汶祥,11
11,叶羿君,11
11,王俊杰,11
11,王迪,11
11,吴昱萱,11
11,杨力蕲,11
5,黄光亮,11
11,林云中,11
11,侯蕊,11
11,王微,11
11,侯乐天,11
11,李元元,11
8,韩可棋,12
12,唐浩宇,12
12,冯敏,12
31,邓家荣,12
12,绥滨小刚,12
12,张旭龙,12
14,刘h心,12
8,蒋姜,12
12,欧文陶,12
12,朱昱斌,12
12,煜山,12
12,彭佳佳,12
12,史超亮,12
7,谷伟,12
12,金桢勋,12
12,徐琛琛,12
12,闫鑫泷,12
12,林盱,12
12,陈琳琳,12
12,李鑫研,12
12,沙r,12
12,李一洲,12
12,安宁,12
12,裘慕远,12
12,黄璐,12
12,吴单,12
12,王鹏{,12
12,王宏伟,12
12,薛闻君,12
12,陆奕彤,12
12,聂嘉缇,12
12,张馨之,12
12,杨岚茜,12
12,常浩,12
12,叶剑卫,12
12,郎鹏,12
12,尹睿琪,12
13,胡龄尹,12
12,罗时丰,12
23,柯毅炜,12
12,刘可凡,12
12,萧希羽,12
12,周密,12
12,刘达志,12
12,笑蕾,12
12,马春瑞,12
12,吕海婷,12
12,刘斯文,12
12,王子皓,12
12,王羽潞,12
8,林祖辉,12
12,于邵锋,12
5,钱韦杉,12
5,大久保麻梨子,12
8,袁明哲,12
12,安娜,12
12,邹凯航,12
12,吴小琼,12
12,文竹,12
12,彭子濠,12
12,金桂斌,12
12,熊子锐,12
12,李理,12
12,武小莉,12
12,马潇煊,12
12,郑诚,12
12,李婉茹,12
12,惠天赐,12
12,龙馨悦,12
12,张硕,12
3,朴恩惠,12
12,千惠,12
12,赵已晨,12
12,申珉熙,12
12,姚杰元,12
12,周比利,12
12,雷帆,12
8,郑冰旭,12
5,张永政,12
11,邱昊奇,12
27,金宝,12
12,刘依晨,12
12,刘林静,12
14,谢若琳,12
12,张铭轩,12
12,蒲利飞,12
12,格日力,12
12,刘卓翰,12
12,张正扬,12
12,陈帅,12
5,黄晓华,12
11,周文健,12
12,邢冬冬,12
12,卓粤,12
12,方梦夷,12
12,丁小倩,12
12,马瑶瑶,12
12,金博,12
5,朱镇模,12
12,袁琛,12
13,宋乐,13
13,杜平,13
13,翁芳华,13
13,赵奕然,13
13,洪子龙,13
13,谈梦霄,13
13,邢凯然,13
13,陈柯帆,13
3,王艺铮,13
13,张铭真,13
13,陶冉,13
13,崔小a,13
13,陈然,13
13,孙雪宁,13
13,朱寰,13
13,刘梦楠,13
25,王跃,13
13,孙艳华,13
11,庆晨,13
13,爱万,13
13,常玉玺,13
13,曹威,13
13,王继世,13
5,罗平,13
13,王则天,13
5,丹尼尔?亨利,13
13,刘恒,13
13,黄婕菲,13
13,马一鸣,13
13,李趣慧,13
13,李永超,13
13,刘华鑫,13
13,张诚航,13
13,周逸涵,13
13,钱玖洲,13
13,宫瑜聪,13
13,林子在,13
13,苑媛,13
5,黄慧,13
13,杨韵,13
13,崔馨文,13
13,王瑞淇,13
13,阮婷,13
13,周超,13
13,刘晓,13
13,洪紫婷,13
13,钟云鹏,13
13,张韵,13
13,武超,13
13,向华,13
13,贾依微,13
13,张小浩,13
13,庄紫,13
13,黄元霖,13
13,陈一玲,13
13,甄龙,13
13,文熙,13
13,吴思凡,13
13,陈震,13
13,路洋,13
8,肖萌杉,13
13,奕菲,13
13,王鑫,13
13,左一鸣,13
13,徐佳,13
13,张洋,13
13,邱慧雯,13
13,丁千倪,13
13,陆特丹,13
13,蒙永杰,13
8,康子妮,13
13,赵宁,13
13,赵若君,13
13,张颖冰,13
8,李志豪,13
13,张瑶,13
13,左佑,13
13,马太,13
13,章于秋晶,13
13,曹雪飞,13
13,刘紫妍,13
13,舒然,13
13,吴浇浇,13
13,卢小娟,13
13,曦曦,13
13,佟凡,13
13,郭慧子,13
13,刘艺滨,13
13,贾译尊,13
30,屈晓娜-,13
5,李廷镇,13
14,陈雅森,14
14,崔慕燕,14
14,弥永恒,14
8,张歆莹,14
14,拜,14
14,唐玲,14
14,于梦,14
14,李洪潇,14
14,花子,14
14,王菲,14
14,李晓佳,14
14,董广海,14
14,贾雨萌,14
14,惹几阿哈,14
14,王雪儿,14
14,于景,14
14,朱学佳,14
8,蔡日轩,14
14,梁雅淳,14
14,张露兮,14
14,徐颢菲,14
14,刘俊江,14
14,贾超,14
14,吴凤,14
3,王韶,14
14,龚康妮,14
14,冯淘鑫,14
14,罗森,14
14,胡克,14
14,陈雯君,14
14,杜若,14
14,蔡艾珈,14
14,苏秋妍,14
14,金智元,14
14,刘燕,14
14,郭静纯,14
14,余建,14
14,高大伟,14
14,莎莎,14
8,王晓龙,14
14,张巾凡,14
14,孙震,14
7,王鹤铮,14
14,郑敏,14
14,钱思汝,14
14,曾帅,14
14,林宸希,14
14,陈灵芳,14
14,邱梧桐,14
14,黄继鹏,14
5,赵蕾,14
14,苏婷,14
14,梁凯,14
14,何曼婷,14
14,董敏,14
5,陈怡嘉,14
14,田美荣,14
14,陈嘉辉,14
14,曹子瑞,14
5,简美妍,14
14,袁嘉敏,14
14,潘柏希,14
14,谷尚蔚,14
14,郗希,14
14,黄译萱,14
14,宫莎,14
5,唐峥,14
14,龙升,14
14,肖雨含,14
3,邓一君,14
14,冯秉轩,14
14,吴雨轩,14
14,杨梓艺,14
14,胡越,14
14,杨蕾,14
14,毛唯郦,14
14,董美t,14
14,萧然菲,14
14,颜小左,14
5,王子瑜,14
5,蔡灿得,14
5,梁梓滔,14
14,陈紫鹏,14
14,盛馨冉冉,14
14,陈卓,14
14,黄忆璇,14
14,童子宁,14
14,谢金龙,14
14,鲍锟,14
14,邓佳坤,14
14,金亿,14
14,王文琳,14
14,刘亚菲,14
14,杨宝宝,14
14,方贾为,14
14,袁帅,14
14,张松,14
14,付媛媛,14
14,陆镜安,14
14,红宇,14
14,张茜瑶,14
14,张可佳,14
14,尹昕,14
14,东美,14
5,白慧明,14
14,龚静文,14
14,翁若青,14
14,周建龙,14
14,张芝华,14
14,徐宁,14
14,王艺霏,14
14,尤浩然,14
43,刘芯瑜,14
14,乔安然,14
14,汪子淳,14
15,田玲,15
15,李镐羽,15
15,岳霄冰,15
11,龚丽莉,15
15,颜嘉,15
15,张野,15
15,戴浪,15
15,贾如,15
15,莫飞,15
15,星雨,15
15,支一,15
15,陶燕青,15
15,左启泽,15
15,马峥,15
15,宋邦春,15
15,李凯迪,15
15,赵迪,15
3,元彪,15
15,张芝涵,15
15,王雷,15
15,邢路,15
15,王诗槐子,15
8,小禄,15
15,罗苡之,15
15,魏晓海,15
15,宋宁,15
15,吴丹丹,15
5,金起范,15
13,贺笛,15
15,成芊O,15
15,吴尧尧,15
15,区霭玲,15
5,陈立泠,15
15,王小洲,15
15,关名扬,15
15,李云龙,15
15,文雪儿,15
15,高孝峰,15
15,田雯,15
15,张苡澄,15
15,徐紫茹,15
15,蔡明凯,15
5,铁竹堂,15
15,曲鑫,15
5,代悦,15
31,徐啸力,15
31,刘笑宇,15
15,宋孟君,15
15,纵昕芸,15
15,杨松祥,15
5,鲶鱼哥,15
15,徐佳诺,15
15,刘杰毅,15
15,王思齐,15
35,郝涛,15
15,符方山,15
15,陈彩微,15
15,金应生,15
15,徐爽,15
5,金孝妍,15
15,高天,15
15,郑言,15
23,杨瑷同,15
15,孙美玲,15
15,答有为,15
15,杜丽平,15
11,邵美君,15
15,回力,15
15,宣懿真,15
15,黄新涛,15
5,赵婷婷,15
15,张瑞哲,15
15,张洋,15
15,姚东伯,15
15,王水林,15
15,满满,15
5,高磊,15
15,赵菲,15
15,喜莲娜,15
15,陈康,15
15,艾子希,15
15,穆妮,15
15,谭镁纶,15
15,吴镇浩,15
15,郭东海,15
15,敖迪,15
15,康正昊,15
15,龚h菲,15
15,刘思希,15
15,崔涛涛,15
15,郝栩萱,15
15,图门,15
15,朱森林,15
11,朱麒,16
16,赵t,16
16,郭蕾,16
16,程俊博,16
11,黄颖芝,16
3,张九龄,16
16,贾如,16
16,孙诗洋,16
16,曾颂勤,16
30,杨均柏,16
16,赵梓乔,16
16,箧,16
16,王嘉儒,16
8,赖亭甄,16
16,高韵,16
8,古川雄辉,16
5,田甜,16
16,江丽,16
16,姚梦,16
16,杨叶卿,16
16,尹玲,16
16,王诗棋,16
16,代常超,16
16,张志政,16
16,刘家瑞,16
8,罗翔,16
16,胡焰焰,16
16,张臣旭,16
16,曹珊姗,16
16,罗钢,16
16,段辛道,16
16,陶信,16
16,彭瑶,16
16,木子,16
16,潘姿彤,16
16,张捷,16
16,杨超,16
16,夏梦儿,16
5,陈加玲,16
16,周里京,16
5,陈语安,16
16,康铭桐,16
16,陈锴,16
14,刘达,16
16,谢兰,16
16,郑浩南,16
16,E龙,16
16,高明遥,16
16,蒲政昆,16
16,孙尧,16
16,王实,16
16,翟一梦,16
16,张冰倩,16
7,贾建立,16
16,王亚飞,16
16,石恒旭,16
16,卢洁云,16
16,杨岚旭,16
16,安圣浩,16
16,林纯,16
14,李艾瑾,16
16,寒露,16
16,张鹏,16
8,帕里扎提?艾尼,16
16,任靓婧,16
16,大洋,16
16,杰珂,16
16,孔明,16
16,刘鑫,16
16,陶正东,16
16,刘嘉羽,16
14,余大强,16
16,心瑶,16
16,王亮,16
16,李圣佳,16
1,谢宛谕,16
16,吴泳宏,16
5,席曼宁,16
16,孙笑一,16
16,栗安明珠,16
16,柯佳青,16
16,汤婷婷,16
16,马洲,16
16,王建淼,16
16,侍宣如,16
16,徐子棋,16
16,宋佳琦,16
16,赵芊羽,16
16,尧智巍,16
5,洪棠,16
16,任妍麒,16
16,王超,16
16,吴欣朋,16
16,王静莹,16
17,辛诗涵,17
17,黄梦楚,17
17,方子颖,17
17,聂新源,17
17,李欣燃,17
17,杨灏,17
8,陈宇风,17
17,朱婉仪,17
17,陈泽,17
17,乌兰杰哥,17
17,林琳,17
17,徐熙宇,17
17,富丹妮,17
17,刘h,17
17,金宝,17
17,徐越,17
17,小君,17
17,吴欣妍,17
17,莫绮雯,17
17,胡晴云,17
5,林晓莞,17
17,卿庆,17
17,田晓彤,17
17,张云龙,17
3,西野翔,17
23,姜,17
17,张蕾,17
17,张鹏,17
17,赵志,17
17,刘阳,17
17,杨潇,17
17,张嘉帅,17
17,格桑顿珠,17
17,朱国安,17
17,王静,17
17,旺德福,17
17,李梦,17
17,屠夏岩,17
5,蓝源玮,17
17,孙昊,17
5,王梓亦,17
17,朱德刚,17
17,张玺,17
17,王怡婷,17
5,吴开深,17
17,陆@,17
11,胡珈僮,17
17,高博,17
17,杨紫,17
3,李贞贤,17
17,李阳,17
17,刘凯明,17
17,高博,17
17,邱文博,17
17,李昱霄,17
17,张诗絮,17
17,罗梓丹,17
17,石佑珊,17
17,孙浩辰,17
17,周密,17
17,丁嘉阳,17
17,王浩宇,17
14,夏靖庭,17
17,邢珊,17
17,龚毅,17
17,洪秀儿,17
17,小宁静,17
17,叶伊娜,17
17,张江诗琴,17
17,翊馨,17
17,王沛,17
17,马瑜蔓,17
8,任港秀,17
17,陈俏,17
17,卢晴,17
17,竺艳艳,17
17,陈姿颖,17
5,曲泉丞,17
17,王正佳,17
17,恭麒雅,17
17,贲小伟,17
17,欧阳俊,17
17,蒋鑫怡,17
3,朱咪咪,17
17,李忆,17
17,袁艺芸,17
17,金亚飞,17
17,陈昱,17
17,曾臻,17
17,张泓泽,17
17,吕海玲,17
17,宋兴男,17
17,李叶青,17
17,张惠春,17
17,吴迪,17
17,徐小刚,17
17,董晨辰,17
17,段添译,17
17,梁辰羽,17
17,杜君,17
17,戏剧梅,17
17,沈丽君,17
18,王雨桐,18
42,李金宝,18
22,田雨娇,18
14,赵卫国,18
5,庄心妍,18
13,高慧君,18
11,陈大榕,18
18,黄燕,18
5,朱陆豪,18
11,李嘉文,18
5,柳博,18
18,韩素媛,18
18,杨涛,18
5,何以奇,18
18,王迪,18
18,腾飞,18
26,刘馨圆,18
46,穆建荣,18
8,齐丽格尔,18
11,陈见飞,18
23,严浚余,18
18,梁炜,18
18,张楚,18
14,王瑛,18
18,魏廉政,18
14,吕石磊,18
18,孟丹峰,18
18,张硕,18
18,边贻苗,18
5,鲁敏宇,18
11,张心妍,18
7,吴珊珊,18
18,乔雪凤,18
18,陈俊希,18
25,梓瑜,18
18,韩雨岐,18
8,谭小环,18
14,承孝杰,18
18,蔡晓乐,18
18,苏德伦,18
18,孙志远,18
18,马紫琼,18
5,张康男,18
5,宋怡霏,18
18,佟小虎,18
18,李星,18
18,王,18
18,刘紫鸣,18
14,侯瑞祥,18
18,张大宝,18
50,张恩齐,18
8,何嘉莉,18
22,冯晓峰,18
18,王胜纬,18
5,拿铁,18
14,龙沐春,18
26,马铭悦,18
18,周菟,18
17,王鹏翔,18
14,王晓羽,18
14,池一株,18
18,林诗枝,18
18,张蓓,18
23,林佩琪,18
8,申睿齐,18
11,陈羽琦,18
18,孙毅力,18
18,杨婷涵,18
14,许海宁,18
18,张溪庭,18
18,曹婧,18
18,徐伟,18
18,宋海颉,18
11,赵珊珊,18
21,金小k,18
19,兰法庆,19
19,郭孟舒,19
19,戴芊芊,19
19,廖翎结,19
19,韩彦轩,19
19,张弦,19
19,林耀明,19
11,王心,19
8,路宏,19
5,简宏霖,19
19,刘馨茹,19
19,周丹丹,19
5,张少怀,19
14,陈莎莉,19
3,九孔,19
19,孙子皓,19
5,浩哥,19
19,尹航,19
7,贾一平,19
19,西村牧,19
19,凌垅,19
19,陶咏嘉,19
19,赵文,19
19,刘马正,19
19,彭罡原,19
19,兰颖,19
30,郜干,19
19,汪凡,19
7,邬桑,19
19,赵紫轶,19
19,胡安,19
19,陈欣淘,19
19,张斯斯,19
19,谈以乔,19
19,王辰昊,19
8,李志希,19
19,陈梦月,19
19,吴林玲,19
19,肖向飞,19
19,刘艺婷,19
19,赵素,19
30,王彩玲,19
19,王希,19
5,文峰,19
19,赵婧宏,19
19,李京泽,19
19,孔瑶,19
19,冼永谊,19
19,刘莎莎,19
19,李宇菲,19
19,姜毅,19
19,罗浩强,19
19,李东伦,19
19,吴双双,19
19,陈台证,19
19,郭俊雨,19
19,秦建宏,19
19,温耀龙,19
19,曹寅,19
19,张贵强,19
19,王紫轩,19
3,姚珊珊,19
8,麦皓儿,19
19,高利虹,19
5,王,19
19,陈籽熹,19
19,王丹妮,19
19,任宏宇,19
19,徐天辰,19
19,董家琪,19
8,邓婕,19
19,褚楚,19
19,童正维,19
19,冯一非,19
14,张妍,19
19,陈松伶,19
19,张海龙,19
19,王星钧,19
19,李颖,19
19,金俊秀,19
19,张成宾,19
19,敖翔,19
42,陈彦麟,19
19,李鹏飞,19
19,陈韵凝,19
19,董学峰,19
19,梁晓东,19
19,王雪禅,19
19,刘明波,19
19,柳倩,19
19,张哲浩,19
11,周咏轩,19
19,孟智超,19
19,王东伟,19
19,郭圣然,19
19,徐恒华,19
14,念贤儿,19
5,黄国翔,19
19,李心琪,19
19,畲小野,19
77,吕思颖,20
31,吴丽颖,20
20,徐飞,20
20,梁自立,20
20,王瓢瓢,20
20,曹雅乔,20
20,陈雅丝,20
20,冯麟翔,20
11,雷杰,20
20,李昊翰,20
20,丁玲,20
20,曾俊雄,20
20,明丽,20
20,刘岩,20
20,吴耿华,20
3,李栋旭,20
14,陈鹏,20
20,闫斌,20
20,吴嘉亮,20
20,杨宇,20
20,沈东峰,20
20,王露茜,20
23,周畅涛,20
20,国佳杉,20
5,淮梓伦,20
20,刘柏廷,20
20,王小挺,20
8,林兆霞,20
32,于子淇,20
20,李安娜,20
20,潘敏世,20
8,邓兆尊,20
20,闪嘉晨,20
31,魏玉海,20
20,李佳潼,20
20,及莉,20
20,张成名,20
14,黄柏钧,20
20,刘兆洋,20
20,王克楠,20
20,冯溯,20
20,刘珂,20
20,佟子恒,20
20,迟茗戈,20
20,龚洁影,20
5,李博翔,20
20,徐紫u,20
20,白鹭,20
5,白灵,20
20,赵鸿飞,20
20,雯子,20
5,马率,20
3,成宥利,20
11,台腕帮,20
20,新卉,20
8,益若翼,20
20,邹昊宸,20
20,曹t,20
20,毛妮,20
31,吴亿龄,20
11,汤建华,20
20,马玲,20
20,夏丹丹,20
20,刘谦,20
20,刘孟云,20
20,王景晨,20
13,钟恩淇,20
20,杜艺龙,20
20,齐一现,20
20,刘晓燕,20
20,郭追,20
20,胡杨,20
20,孙鹏,20
23,徐诺,20
20,文跃,20
20,张建博,20
14,刘礼墨,20
3,陈凯旋,20
20,皙皙,20
14,张晓辉,21
11,黄维小清,21
21,张诗琦,21
25,放克萨克斯,21
21,王雪曦,21
21,张璐,21
30,大宝哥,21
9,侯芊,21
21,步小熙,21
21,马小倩,21
5,郭昱晴,21
8,李嘉文,21
21,蓝婷芝,21
21,赵晶,21
21,张腾,21
21,房琳,21
21,王飞程,21
21,李丽,21
21,陈烁轩,21
21,吴映,21
21,曹珊珊,21
21,曾惜,21
21,王猩猿,21
21,葛子铭,21
21,顾琛,21
21,吉庆,21
21,刘增辉,21
8,屈衷利,21
21,黄伊雯,21
21,高艺,21
21,王照达,21
21,林韦辰,21
21,菅爱,21
21,天娜,21
21,巴音额日乐,21
21,王洁儿,21
7,石凉,21
11,侯璎珏,21
21,邱佳妮,21
5,高凌风,21
21,杨晓波,21
21,王莎莎,21
21,马文惠,21
21,马琦雅,21
21,司嘉译,21
21,陈辛夷,21
21,孔鲁楠,21
21,任炫瑜,21
21,塔林夫,21
21,况知希,21
12,董汶亮,21
21,白露娜,21
21,谭旭,21
27,邵斯凡,21
8,金沛晟,21
8,黄羚恩,21
30,张燃,21
21,赵紫涵,21
21,关娜,21
21,赵潞,21
21,陈鲁鹏,21
21,张彬彬,21
21,陈厚行,21
21,畅达,21
21,雒漫思,21
21,刘南男,21
21,许占伟,21
21,李秀媚,21
21,范安宜,21
21,黄角丫,21
21,邹昊,21
21,夏一,21
21,陈红妲,21
21,施祖男,21
21,张馨文,21
21,高基才,21
21,王婧妍,21
21,吴珍丽,21
11,江希文,21
14,李巍,21
21,王泊文,21
8,李悦彤,21
21,赵子翔,21
21,杜晓涛,21
5,易凌,21
21,奕扬,21
21,禹金虎,21
21,柴星如,21
21,田,21
14,张涛,22
22,刘璐,22
22,奈子,22
22,陈思,22
22,潮玩,22
22,刘子豪,22
22,彭婷婷,22
22,郭小娜,22
22,盛路悦,22
22,宋雨薇,22
22,好小宋,22
22,吴滨,22
22,张树晨,22
22,田艺,22
22,姚林婧,22
11,吴若甫,22
22,黄巾倚,22
22,邹开云,22
22,李晨琳,22
22,艾迪森,22
5,曾安琪,22
22,李少飞,22
8,梅花篆体,22
22,白帝,22
5,纪培慧,22
22,谈锐,22
22,丁蒙杰,22
22,吕原田,22
5,曾莞婷,22
22,张耀宇,22
22,游大庆,22
22,张继南,22
22,赵鲲鹏,22
22,颜行书,22
22,白博,22
5,张耀扬,22
11,战鹤文,22
22,张嘉瑞涵,22
5,苏丽瑾,22
22,王成阳,22
22,小磊哥,22
22,熊英迪,22
5,李淙文,22
22,白凡,22
22,高磊,22
22,赵恒煊,22
22,李正吉,22
22,常冠军-,22
22,谭文,22
8,袁弥明,22
22,戚雅晴,22
22,吕星辰,22
3,安霓,22
22,信硕楠,22
22,黄婉君,22
8,朱蕾安,22
22,张天妤,22
22,傅继英,22
22,杨瀚,22
22,楠哥,22
8,林大晋,22
22,马波,22
22,孙天一,22
22,甘雨,22
22,钱明华,22
20,张延,22
22,周骏,22
22,孙叶,22
12,高尚,22
22,杨勇,22
22,周义斌,22
22,邵彪,22
22,于效辰,22
22,王雪,22
22,胡安安,22
22,刘梓豪,22
22,闫婕,22
22,林依婷,22
22,沈渤,22
22,贾欣惠,22
16,王晓卯,22
22,黄格格,22
22,武虹言,22
22,刘以诺,22
22,欧阳妮妮,22
22,沈馨怡,22
22,张海旺,22
22,刘俊东,22
22,韩楷欣,22
22,龙飞,22
22,山长凯,22
14,方季惟,22
22,叶书含,22
22,侯茗皓,22
22,陈冬冬,22
22,郭彦洁,22
22,谢润,22
15,郭彪,22
23,佟非,23
23,李恰,23
23,王飘漂,23
11,王滔,23
23,董冬咚,23
23,赵锐泽,23
23,俄尼尔,23
23,王烟蒙,23
23,冯虔,23
23,孙彬,23
23,王鹤宇,23
23,吴楠,23
23,马玉露,23
23,冯彦邱,23
23,李昶俊,23
23,糖梦宝,23
23,罗冉,23
23,郑屿B,23
23,韩靖仝,23
23,李龙,23
5,泷泽萝拉,23
23,王南,23
23,钱佩怡,23
23,师艳波,23
5,汪苏泷,23
23,王嘉慧,23
23,罗怡静,23
23,黄子恩,23
23,李睿超,23
23,刘紫欢,23
14,张瑜,23
5,孟耿如,23
23,车韶文,23
23,蓝飞洋,23
23,文卓,23
23,丁依涵,23
23,张佳妮,23
23,赵禹晴,23
14,陈洪海,23
23,周纪武,23
23,黄厚霖,23
5,辛乐儿,23
23,张h,23
8,朴施厚,23
23,巴宁,23
23,李杨,23
23,蒲杏子,23
5,韩瑜,23
23,王洪涛,23
23,饶芮瑜,23
23,胡婷婷,23
23,丁野,23
23,赵时,23
23,陈默,23
23,周明增,23
23,王伯昭,23
23,柯雅馨,23
23,王家强,23
23,吴佳H,23
23,贺敏,23
23,翁晓笛,23
23,练喻轩,23
23,杨毅,23
23,赵冰,23
23,李桐,23
23,康佳旗,23
23,涓涓,23
23,孔祥,23
23,张蕾,23
23,关思慧,23
23,熊睿玲,23
23,徐晨耀,23
23,施琅,23
23,池瑞波,23
23,裴琳琳,23
23,陈沛江,23
15,邹文正,23
5,陈凤玲,23
23,郭一为,23
23,邓宇敏,23
15,施展,23
23,王牧子,23
23,侯雨桐,23
23,张晨璐,23
23,初瑞,23
8,刘鹏,23
23,张枫,23
23,王天野,23
23,刘宇,23
23,贺美玲,23
23,赵越,23
23,李慧君,23
23,付宏,23
23,欧阳灏轩,23
23,杨雯雯,23
8,李t雨,23
23,玉龙,23
23,凌子,23
23,李智,23
23,李臻,23
23,焦祺越,23
23,邵玉菲,23
23,张舒媛,23
23,杜哲宇,23
23,鄢博雅,23
8,庄可比,23
24,台小铭,24
24,张林,24
24,姜子炫,24
24,安唯绫,24
24,王辛淼,24
8,陈逸璇,24
11,李雪,24
24,谢琳,24
24,孙雪涵,24
24,司旭,24
24,沙保贝,24
5,张家宁,24
24,樊奕敏,24
24,周志炫,24
24,林炜,24
23,郭芸萌,24
24,桃g纱雪,24
24,袁布,24
5,霍青,24
24,唐睿泽,24
11,白梓轩,24
24,杨正轩,24
24,姚传鸣,24
24,姜林含,24
24,杨曙铭,24
24,陈丹婷,24
24,郭芯其,24
24,嘉增达杰,24
24,殷小纹,24
24,毕恬恬,24
24,郑竣文,24
24,张燕妮,24
24,孙璐,24
24,蒋晨阳,24
24,李恩倩,24
24,陈静波,24
24,邱玲,24
24,欧阳雯鑫,24
24,李亚红,24
24,胡文豹,24
8,陈美妤,24
24,石燕京,24
8,富大龙,24
24,张r希,24
24,乐瑶,24
24,胡尔西德,24
24,姚艺龙,24
24,王迪,24
24,王卓,24
24,亦涵,24
35,马天一,24
24,逯长恩,24
8,李燕,24
24,程近之,24
24,冯鹏飞,24
24,杨亚洲,24
24,龙隆,24
24,李国麟,24
24,王腾,24
24,李沃沃,24
24,贺瑞文,24
24,何宗融,24
5,韩燕,24
24,李昂霖,24
24,姜迪,24
32,张浩言,24
24,刘丹萌,24
24,王紫,24
5,丁文琪,24
24,翟,24
24,楼子豪,24
14,董永,24
24,金钱雨,24
24,冉亮童,24
5,夏克立,24
24,张雯,24
24,王颖珊,24
24,陈可琪,24
24,徐钧法,24
24,罗桦,24
24,杨文君,24
24,赵小熠,24
25,谭凯欣,25
25,张兆北,25
25,张妤熙,25
25,莉莉安,25
25,杜婕美美,25
25,陈乐桐,25
25,陈威,25
5,鹤天赐,25
25,张乐,25
25,杨凯琳,25
25,吕泽先,25
25,辰轩锐,25
25,张莘荣,25
25,张捷,25
25,李梓豪,25
25,李春辉,25
25,祖雄,25
25,尹蓁,25
25,吴丹佳佳,25
25,左佳,25
5,赵逸岚,25
25,张艺河,25
25,袁一然,25
25,柯蹦,25
25,梁静,25
8,李洁莹,25
14,马维维,25
25,冶彦,25
25,李贺,25
25,朱珏,25
25,李梓言,25
25,玮琦,25
25,鄢佳辉,25
25,何小巍,25
25,蔡翱蔓,25
25,郝贾沛钊,25
12,王隽,25
25,郭甜蕾,25
25,何晶,25
25,钟玲,25
25,王孝天,25
25,谭义飞,25
25,田佳,25
11,王梓,25
25,王坤,25
16,彭措索南,25
25,晓凡,25
25,黎轩麟,25
25,李骄洋,25
25,薛志正,25
25,张亚飞,25
7,金玉婷,25
25,邢洋,25
5,林立雯,25
25,孙岩,25
25,彭兰媚,25
25,李明建,25
25,梁凯,25
11,谢琼暖,25
25,赵毅,25
25,高可夫,25
25,冯熙乔,25
25,张煜龙,25
25,康弘,25
25,孟彦森,25
25,蒋中炜,25
25,李秋爽,25
25,邱安安,25
25,刘晓妮,25
25,黄永刚,25
25,龚[,25
8,欧阳慧霏,25
25,王萧寒,25
25,苏华山,25
25,徐贵樱,25
25,张英华,25
25,吴圣曦,25
25,黄凤琼,25
25,徐博,25
25,方野,25
25,毛貌,25
25,孙黎,25
25,吴建跃,25
25,刘璐,25
25,傅家缘,25
25,肖宏,25
25,郑曦,25
25,王麒淋,25
25,孙一奇,25
25,马容莉,25
25,刘浠希,25
25,蔡梓铭,25
25,王振涛,25
14,叶倩云,26
214,徐敏,26
26,曹海军,26
26,张西,26
26,李艾佳,26
26,吴晶,26
26,龚慈恩,26
26,纳兰,26
26,阎玺,26
5,王怡仁,26
26,宋娅缌,26
26,符荷晴,26
26,陈婷,26
26,滕飞,26
26,阮清晨,26
8,康李,26
26,曹力,26
26,桑雷,26
26,李建新,26
26,王秀琳,26
26,张珏梁,26
26,张D,26
26,李士刚,26
26,韩沐唏,26
26,杨紫婷,26
26,刘俊言,26
26,索妮,26
14,陈玺安,26
26,任婉婧,26
26,刘明明,26
26,刘燕,26
26,沙宝龙,26
3,斯琴高娃,26
26,赵晨,26
8,陈I妍,26
26,梁靖,26
26,姚惠兰,26
26,苏诗尧,26
26,陈少霞,26
26,姜欣雨,26
26,李锦梅,26
26,唐果,26
26,蒋非燕,26
26,马闻Z,26
26,杜明翰,26
26,王薇,26
26,马沛诗,26
26,刘俊峰,26
26,杨岱岳,26
26,张俊杰,26
26,刘博,26
26,周燕燕,26
26,纪磊,26
26,贺生伟,26
26,林隽健,26
26,吕世强,26
26,李颖,26
5,陈欣淇,26
26,李淼,26
26,秦言玮,26
26,梁玮轩,26
26,陈子u,26
13,邓九云,26
26,张雨墨,26
8,白冰冰,26
26,冯姝婧,26
26,高亮,26
26,罗长城,26
26,穆子婧,26
26,杨美丽,26
8,释福如,26
26,邹黎霞,26
26,褚毅,26
26,周立秋,26
26,陈依依,26
26,吕晶,26
26,代娇阳,26
26,刘臻,26
26,刘真佑,26
26,雷洋,26
26,李小延,26
26,计闯,26
26,孟彤,26
26,大冢匡将,26
26,宋子卓,26
26,田瑞,26
26,陈斌,26
26,李洋,26
26,吴雨墨,26
26,钟宏业,26
26,洪晓熙,26
26,叶长春,26
7,李缇娜,27
27,徐若琪,27
27,王子然,27
5,王克,27
27,李梓宸,27
27,程响,27
5,王艳,27
27,王程,27
27,吴俐璇,27
27,孙如愿,27
27,姚拓,27
8,吴幸美,27
27,王天野,27
27,王蔷,27
8,张志坚,27
5,陈邦],27
27,岳小优,27
27,柴铭洋,27
27,王文,27
27,徐泽羽,27
27,方周媛,27
27,孙荣,27
35,国旺,27
27,杨帆,27
14,万晨,27
27,朱倩倩,27
14,刘娜,27
5,简沛恩,27
27,杨威,27
5,高圣远,27
27,刘禹,27
27,袁俪珊,27
27,梓晓,27
27,汤,27
27,廖琪瑛,27
27,陈s江,27
27,陈志明,27
27,鲁秋香,27
11,潘迎紫,27
27,沙莎,27
27,巨缘圣,27
27,夏昊,27
27,苏嘉航,27
27,吴杰,27
27,张驰千,27
5,范瑞君,27
11,初家晴,27
27,黄利明,27
27,赵庭,27
27,莫诗旎,27
27,刘子仟,27
27,东阳,27
27,张竞丹,27
27,林子u,27
5,王亮,27
27,王,27
27,马艳艳,27
27,甄志强,27
27,邵竟萱,27
27,李梦娜,27
27,郑迪文,27
27,张可心,27
27,聂琳峰,27
27,车畅,27
14,赵文浩,27
27,罗栋,27
27,李祉瑶,27
14,高尹辰,27
27,何倩娜,27
27,李常宏,27
27,胡天阳,27
27,刘书含,27
27,夏莹,27
27,李建鹏,27
27,王迪,27
27,陈怡桥,27
27,孙雨澄,27
27,王岩,27
27,代文军,27
14,韩东君,27
27,万丽伟,27
27,岳菁蔚,27
27,莉雅,27
27,林玉淼,27
8,郭新,27
27,陈美君,27
27,于雷,27
27,张倩铭,27
27,郭程,27
27,金泽元,27
14,安雯,27
27,李文颖,27
27,赵于,27
27,王华强,27
27,王竣,27
27,苏晏霈,27
28,王一B,28
28,高艺心,28
5,潘嘉丽,28
28,蒋松,28
28,李姿锐,28
28,施沛岑,28
28,杨得民,28
28,千惠,28
14,周卿,28
28,张煜雯,28
28,涂百锋,28
28,杨采钰,28
28,李立君,28
28,程媛媛,28
28,雷雨,28
28,方同春,28
28,王文军,28
28,李佳佳,28
28,张群,28
14,郎祖筠,28
28,朱铁,28
28,郑至芝,28
28,朱云龙,28
28,居琨,28
8,黄泽锋,28
28,王媛,28
28,朱刘,28
28,赵玲琪,28
28,任|,28
28,张智,28
28,朱偌琳,28
8,潘淑钦,28
28,夏阳阳,28
28,段杰塞梵,28
25,张梓淇,28
28,颜楚杉,28
28,吴迪,28
28,吴雨桦,28
28,韩东,28
28,张倩,28
5,李海娜,28
28,张鑫源,28
28,陈姿妤,28
28,元乖乖,28
28,戈丽苹,28
28,何果轩,28
28,刘辉,28
28,高木贞佑,28
28,闷墩,28
28,刘素芳,28
30,许立军,28
28,徐玉,28
28,张平雨,28
28,周子昕,28
28,陈楚东,28
28,朱辉,28
8,夏韶声,28
28,陈若茜,28
30,王雨婷,28
3,安七炫,28
5,李文思,28
28,王晓,28
28,马璐,28
28,李飞,28
28,车金亮,28
28,宋飞,28
28,黄世超,28
28,易妍含,28
19,刘美钰,28
28,赵梓同,28
28,张仪嘉,28
28,袁熙然,28
28,荆民强,28
28,韩三明,28
28,李修贤,28
20,石展,28
28,高泰宇,28
28,骆畅,28
28,闫楠,28
28,张倩,28
28,倪菲,28
8,小栗旬,28
21,杨茜茜,28
28,张娇娇,28
8,谢雯惠,28
29,胡顺儿,29
29,韩艺博,29
29,刘添月,29
142,东懋,29
8,杨志祥,29
29,陈俊,29
29,肖雷雷,29
29,李国庆,29
29,邵小珊,29
29,徐涛,29
30,洛桑达瓦,29
8,杨嘉雯,29
29,李梓萌,29
29,王炫璇,29
29,范轩文,29
29,付思奇,29
29,万潼,29
29,曲桐雨,29
11,张瑞希,29
14,萧佩莹,29
29,王劲天,29
29,孟妍,29
29,贺琬童,29
29,郑楠,29
29,孙乐,29
29,朱珠,29
29,李昊儒,29
16,侯志斌,29
29,王菁,29
29,李宗鹏,29
5,杨鹭,29
14,何苗,29
29,高瑜,29
29,王芝威,29
5,陈泰铭,29
14,程峻,29
8,藤冈靛,29
29,刘双宁,29
29,苏拉文雅,29
29,王雨峰,29
29,王笑天,29
29,金雨淳,29
29,高强,29
29,周恺,29
14,王宝德,29
29,高旭阳,29
29,孙昊,29
29,缪海梅,29
29,王源,29
29,章海东,29
5,林芳兵,29
29,黄华,29
29,薛硼,29
29,郑伊凡,29
29,张小觉,29
11,况明洁,29
29,王希瑶,29
11,郑凯杨,29
29,赵晟魁,29
29,柳k义,29
29,王卫,29
29,李赞,29
29,郎月婷,29
29,曹小娟,29
29,田淑梅,29
29,陈怡凡,29
29,路阳,29
27,巫恩仪,29
29,宋丹,29
29,王佑硕,29
29,邓艳芳,29
29,杨丽菁,29
29,周磊,29
29,岳以恩,29
29,霍诗丹,29
29,林鹏,29
29,尹铭,29
29,张博翔,29
29,毕昱丞,29
29,喻虹渊,29
30,刘新洋,30
30,健健,30
30,伊然,30
30,尹梓妍,30
30,严峰,30
14,颜仟汶,30
30,曾龙,30
14,太荣剑,30
30,韩子婧,30
30,索朗旺姆啦,30
30,范业波,30
30,李沁东,30
30,杨成瑞,30
30,王飞鸿,30
30,章贺,30
30,徐成峰,30
30,都金翰,30
30,李卿源,30
30,周航,30
30,冼兆天,30
30,史磊,30
30,臧晓玉,30
30,杜函梦,30
30,于杨芳鑫,30
14,吴亚桥,30
30,黄施霖,30
30,高菲,30
8,林景程,30
30,高宇,30
30,宫俪媛,30
30,肥龙,30
30,李冰倩,30
30,杨云阁,30
30,马浩博,30
30,雷荷梓,30
30,周姝含,30
13,马晨,30
30,唐蔼靖,30
14,程程,30
30,墨阳,30
30,韦炜,30
30,马瑞蔓,30
30,张百奎,30
30,曾昂,30
30,王玲蓉,30
30,周传桢,30
3,宋飞,30
30,徐汶萱,30
15,朱军,30
30,夏侯琪誉,30
30,肖荣生,30
30,沙景昌,30
30,黄一晗,30
30,火风,30
30,路欣馨,30
30,叶子良,30
30,侯正,30
30,闵振轩,30
30,胡健,30
30,宋小春,30
30,杨健广,30
30,李静涛,30
13,夏文汐,30
30,宋涛,30
30,中泉英雄,30
30,陈,30
30,易思斯,30
14,李松楠,30
30,万斯敏,30
30,吕易珊,30
30,周子濠,30
30,吴烨,30
30,谢雨桐,30
30,王盼盼,30
30,鲍欢迪,30
30,张小婉,30
30,柳素英,30
30,周b,30
30,张丽,30
30,高源,30
30,幺依田,30
30,孙浩洋,30
30,贾牧函,30
30,赵国栋,30
30,王雷,30
30,宋睿,30
30,蔡一凡,30
30,陈宁,30
30,吴兴宇,30
30,吕保杰,30
30,陈爰媛,30
11,黄腾浩,30
30,梵瑞,30
13,高小宇,30
30,陈思娜,30
31,葛思然,31
31,赵宇恒,31
31,林秀玲,31
31,舒遥,31
8,方珈悠,31
31,梁愚,31
31,王海珍,31
31,任茂成,31
31,米米柠,31
31,赵晓飞,31
31,赵英龙,31
31,那特,31
31,祖荣,31
31,张馨月,31
31,朱荔莘,31
31,于洋,31
31,徐涛,31
31,刘宁,31
31,罗京京,31
31,李彬硕,31
31,郑前,31
31,孙颖歆,31
31,郭沐绮,31
31,李添诺,31
31,高凯元,31
31,万美麟,31
14,杨秀措,31
31,张丹妮,31
35,孟剑波,31
31,郜妍妍,31
31,方俊翔,31
31,谢佳妤,31
8,何绮云,31
31,马嘿阿洛,31
31,邹娜,31
31,张景纶,31
31,惠娟艳,31
31,冯伟,31
5,楼庭岑,31
8,徐玟晴,31
31,刘磊,31
31,左一丹,31
31,吴姗姗,31
31,徐晓爽,31
31,秦子麒,31
31,苏登扎木苏,31
31,周贝柔,31
8,王淑君,31
23,魏哲鸣,31
17,泰f罗宾,31
14,赵航,31
31,王碧琪,31
31,赵璐鹿,31
31,刘尔金,31
31,刘婉婷,31
5,陈巧茹,31
31,郭岩,31
31,魏峰,31
31,李丽薇,31
31,孙安怡,31
31,宁露,31
31,马沂茹,31
31,何晓影,31
5,L琴,31
31,张越涵,31
31,史聪,31
31,李牧霏,31
31,管辰语,31
31,孙小帅,31
31,周吟,31
31,邹欣竺,31
31,黄波华,31
3,金成,31
31,张红爽,31
31,梁春书,31
31,塔娜花日,31
31,吕俊仪,31
31,李毅,31
31,潘结,31
8,古卓文,31
31,郭鹏,31
31,黄伊凡,31
31,李依纯,31
31,徐绍泽,31
31,姚婉儿,31
31,李纳,31
8,宁进,31
31,王心天,31
31,项瑾,31
31,林志豪,31
31,郑园园,31
31,张凡崎,31
31,徐祺皓,31
31,刘妙,31
31,张猛,31
32,秦艺天,32
32,马少龙,32
32,于翔,32
32,黎妍,32
32,曹楷梵,32
8,黄婉佩,32
32,杨梓铎,32
32,韦彤,32
32,任鹏,32
32,朱玉婷,32
32,尚于博,32
15,黄美芬,32
32,张吴西西,32
32,刁成硕,32
32,章宇,32
32,王艺嘉,32
32,李锋光,32
32,于少虎,32
32,凯瑞,32
32,周宥伶,32
32,才艺,32
32,严艺之,32
32,汪F之,32
32,郭松滨,32
32,朱军,32
32,陈剑月,32
32,刘鑫鹏,32
32,吴思默,32
32,彭新智,32
32,徐涛,32
32,赵峥,32
32,鞠牧锦,32
32,陈雅婷,32
32,崔准硕,32
32,张小男,32
32,史妍,32
32,涓子,32
32,杨洛姿,32
32,申依玲,32
32,段昊辰,32
32,刘帅,32
32,李忠龙,32
32,张野,32
32,程一桥,32
32,王昱涵,32
32,吴晓亮,32
32,常静,32
5,钱莹,32
32,袁霆,32
32,骆佳,32
32,李长江,32
32,孔祥瑞,32
32,李乐儿,32
32,李宛仪,32
32,邓燕歌,32
32,程枫,32
25,严淑明,32
32,家小,32
32,肖阳,32
32,邹秋积,32
32,时玮,32
32,陈靖允,32
32,秦炎仕,32
32,崔翔宇,32
32,文然,32
32,周薇薇,32
32,赵雨菁,32
32,苏倩薇,32
32,廖梦媛,32
32,阿弥娅,32
32,凌雨,32
32,刘浩强,32
32,朱芷莹,32
32,张特,32
32,孙尔辰,32
32,房飞霖,32
32,孟祥宇,32
32,徐巾淇,32
32,杨刚,32
32,亓达吉,32
32,李建义,32
13,张艳秋,32
32,徐千千,32
32,狄菲菲,32
32,阎惟果,32
32,于跃,32
32,郝好,32
32,张宇坤,32
33,郑如楠,33
33,谢莹,33
33,冯慧,33
14,傅绍杰,33
33,宋纪妍,33
33,李元鹏,33
8,李思雅,33
33,潘薏淳,33
33,杨璐,33
14,宋米秦,33
33,朱可馨,33
33,李佳蔚,33
33,尹亚森,33
33,徐泽仁,33
33,冯波,33
33,李博,33
33,张嘉轩,33
33,杨斐然,33
33,李鹤,33
33,镇亚荆,33
33,高飞,33
33,李林蔚,33
33,成毅,33
33,周凤,33
33,吕途,33
33,姜孝萌,33
17,刘昊然,33
33,田芝麟,33
25,孙莹,33
14,姚刚,33
33,巩承琪,33
8,刘以达,33
33,吴铮真,33
33,朱墨,33
33,苏日娜,33
33,谭树明,33
14,唐娜,33
33,张兴哲,33
33,蔺琬茹,33
33,刘洋,33
33,牟健平,33
33,王雪玉,33
5,陆明君,33
33,高桥治,33
33,赵言东,33
33,丁h元,33
8,徐子菲,33
33,高家轩,33
33,邱爽,33
33,刘景范,33
33,祝延平,33
5,李明启,33
33,曹海涛,33
33,勃小龙,33
33,刘宣孜,33
33,王艺霖,33
33,任坤,33
33,穆雷克,33
33,陆佳萍,33
8,杨雁雁,33
23,李子墨,33
8,陈诗莹,33
33,刘柏均,33
33,陈旺林,33
33,刘丹,33
23,陈林,33
33,黄维,33
33,陈罗密欧,33
33,甄真,33
17,李曼筠,33
14,伊春德,33
32,王骞,33
33,张耀天,33
33,姜怡伊,33
33,李晓琨,33
33,李持,33
30,钟文斌,33
33,于伟杰,33
33,田渤,33
33,张喜,33
33,海一天,33
33,史林,33
34,吉瑞琛,34
34,张桃桃,34
34,田琳,34
34,杨子涵,34
34,朱小芾,34
34,杨斯元,34
34,郑子好,34
34,张腾飞,34
34,曾少宗,34
34,徐小奥,34
34,冯馨瑶,34
5,张佑赫,34
42,马崇乐,34
34,孔恐,34
13,范姜,34
14,李溪芮,34
34,戴路,34
14,黄鹤飞,34
14,高登,34
34,杜岩,34
34,裴子添,34
14,万昌皓,34
34,贾雯,34
34,田甜,34
34,姜天阳,34
34,魏微,34
34,高慈遥,34
34,汤皓羽,34
34,李欢,34
34,刘子赫,34
34,盛君,34
20,马小倩,34
34,高冬雨,34
34,陈进,34
34,黄诗雅,34
34,鹿凌桀,34
5,李康宜,34
34,赵伟淇,34
34,李梓t,34
34,王路,34
5,孟令宇,34
34,赵翌铭,34
34,安瑞甜,34
34,王子伊,34
34,岳圣张,34
34,闫磊,34
30,王群英,34
11,林佑星,34
34,李柏羽,34
34,朱莹,34
34,侯世甲,34
34,马洪虎,34
34,赵炬,34
34,方松,34
34,李大海,34
34,蔡昌健,34
32,金竹,34
5,王凯蒂,34
34,释恒德,34
34,胡珂瑜,34
5,路嘉欣,34
34,杨济妤,34
34,韩景火,34
3,袁菲,34
34,陈楠,34
34,卢杰君,34
161,王子兮,34
34,马丽,34
14,蔡小楼,34
8,梁慧恩,34
34,魏冠男,34
34,郭帅,34
34,林睿,34
34,汪胜男,34
34,郭柯宇,34
34,段博文,34
34,王艺凝,34
34,杨翌,34
34,樊丽娜,34
34,千,34
34,金h,34
34,柴菁,34
34,戴长江,34
34,陈之辉,34
34,姜小辣,34
34,杜诗梅,34
34,夏天尘,34
12,郑凯中,34
34,赵芸萱,34
8,骆胤鸣,34
35,罗杨,35
14,吴玉华,35
35,李金江,35
35,李欣,35
5,梁家榕,35
35,于婷婷,35
35,李昌剑-,35
14,杜宇航,35
35,唐梦娅,35
35,于洋,35
35,张艺心,35
14,刘小僖,35
35,马文亮,35
35,韩岳,35
15,郑恕峰,35
35,戚蓝尹,35
35,亓越y,35
35,杨光,35
23,李美玲,35
5,蔡河立,35
35,魏冉,35
35,陆品方,35
35,蒋伯州,35
35,杨强,35
35,王斯琼,35
5,叶安婷,35
5,黄荻钧,35
35,谢震伟,35
35,金曾,35
35,石夏天,35
35,徐洁,35
35,吴昊泽,35
35,牛怡茗,35
35,白玉,35
35,李涛亮,35
35,曹胤,35
35,成峻,35
35,徐亮,35
35,王楠,35
35,刘青松,35
35,辛雨锡,35
35,袁雅婷,35
35,邹容,35
35,谢飞,35
35,仝晓燕,35
35,邱箫婵,35
35,吴家欣,35
35,郭晓燕,35
35,侯骏桀,35
35,于飞,35
35,李溯,35
35,宫小萌,35
35,孔盈智,35
35,应媛,35
35,王靖,35
35,刘爽,35
35,张丹锋,35
8,薛芷伦,35
5,曹兰,35
35,马泽涵,35
35,丛竹一,35
35,焦之雯,35
35,庞轶文,35
35,唐滤晶,35
35,邓伦,35
35,杨启宇,35
35,于小龙,35
35,林韦辰,35
35,山崎敬一,35
35,王佳妮,35
35,馨月,35
35,周奕彤,35
35,刘潇,35
35,徐子翔,35
35,沈璐,35
35,杨晨,35
35,刘悦怡,35
35,李佳伟,35
35,曹雨,35
35,李海粒,35
35,臧晋,35
35,徐荷媛,35
35,陈天华,35
35,张歌洋,35
35,吴佳佳,35
35,彭紫烊,35
35,蒙超,35
35,刘子玄,35
35,薛皓文,35
35,车彦博,35
14,王中皇,35
35,杨淑娅,35
35,杨江凯,35
35,孙锡坤,35
15,麦家琪,36
11,杨姣,36
36,张家荣,36
5,寇振海,36
36,吴欣恩,36
36,郭雨程,36
14,张丹露,36
36,江健,36
36,李骁,36
36,朱文超,36
36,贡晓薇,36
36,唐冉昕,36
36,王琛,36
36,悟一文,36
36,穆佳男,36
36,刘欣榕,36
36,侯迪,36
36,单家纬,36
36,郭振宇,36
14,王晓娟,36
36,王劲松,36
36,曹向栋,36
5,许一琦,36
36,徐亨,36
36,丁元皓,36
36,张杰,36
36,紫萱,36
36,仲占杰,36
36,罗莉,36
36,魏威,36
36,李星海,36
36,高峰,36
36,邢馨心,36
36,吕凯,36
36,孙丹丹,36
36,张永达,36
36,张珏,36
8,于天龙,36
36,暴洪海,36
36,伊东铃奈,36
36,贡曲卓玛,36
36,谭永华,36
17,亢帅克,36
36,孙晶晶,36
36,吕千慧,36
36,郑楚,36
36,刘一缇,36
36,杨莎,36
36,赵晔,36
36,韩立,36
13,鲍蕾,36
36,张思乐,36
36,安贝拉,36
36,宗灵珠珠,36
36,柴浩伟,36
36,杨鹏,36
36,肖鑫,36
36,杨晶晶,36
36,王晶瑶,36
36,王文彦,36
36,张影辰,36
36,何文超,36
36,罗立群,36
36,邓尘朵,36
36,余雨,36
36,杨莉,36
14,谭卓,36
36,税s熙,36
36,孙艺菡,36
5,郑斌辉,36
36,崔文璐,36
36,张媛媛,36
36,胡灵,36
36,李彦泽,36
36,李佳念,36
36,付雨嘉,36
36,康界江,36
36,王东栋,36
23,利晴天,36
36,许媛媛,36
14,丁文俊,36
36,江柏川,36
36,舜文齐,36
36,赵越,36
37,马晓云,37
49,陈振远,37
37,艾莉莎,37
37,郭东岳,37
37,张立基,37
37,文静,37
37,鲍磊,37
37,李若杰,37
37,满闯闯,37
8,陈美琪,37
37,孙祺,37
37,侯宇航,37
37,李戈,37
37,燕婉婉,37
37,崔金迪,37
37,忠恩,37
37,胡冰,37
8,王倬,37
37,李晓薇,37
37,胡蓉蓉,37
37,赵炳锐,37
37,何文意,37
37,席加林,37
37,岳瀚,37
37,王欣宇,37
37,刘艳娥,37
37,夏立言,37
14,吴熙,37
37,程砚秋,37
8,陈琪,37
37,高瑕,37
37,马丛芳,37
37,高海,37
37,孙婉倪,37
13,林筱筠,37
37,王子杰,37
37,王玉宁,37
11,林千钰,37
37,杨东毅,37
11,胡梦媛,37
37,高菲,37
37,冯琬晴,37
5,王亚楠,37
37,许清明,37
37,邢燕子,37
37,宋姗美杨,37
37,刘一含,37
37,申馨月,37
37,李瑞凤,37
25,黄胜楠,37
37,李雨琛,37
37,郭静,37
14,王雅迪,37
37,李根,37
12,蜜燕儿,37
14,许淑帏,37
37,唐钟,37
37,薛伟,37
37,朱纹萱,37
37,刘蕾,37
37,吴翼男,37
37,卫小雨,37
37,丁建钧,37
37,秦勇,37
37,贺昱凯,37
37,林秀强,37
14,孙佳奇,37
14,江俊翰,37
27,张振寰,37
37,米麟林,37
15,元俊,37
15,向佐,37
37,王沛禄,37
37,陈美霖,37
37,欧宇宁,37
37,德姬,37
37,程紫城,37
14,郝劭文,37
37,木幡龙,37
37,常荻,37
38,林以政,38
15,汪琳,38
38,江灵,38
38,翟梓旭,38
38,王浩,38
38,马伟国,38
38,蔡紫芬,38
38,石云鹏,38
38,宋珉宇,38
38,吴昊多,38
38,李阳,38
38,张天鸣,38
11,邢圣梓,38
38,王伊,38
38,原华,38
38,容尔甲,38
38,董连海,38
38,雷鹏宇,38
38,祁扬,38
38,方妤萌,38
38,顾玲玲,38
14,田小夕,38
38,郑沛琳,38
38,曹思方,38
38,常召锦,38
38,王玉,38
38,彭娜齐,38
38,芦菲,38
35,林西娅,38
38,陶辉,38
38,燕笑峰,38
5,王冠逸,38
38,孙夕尧,38
38,吴晴,38
14,赵荣,38
14,李梦,38
38,管彤明,38
38,佳慧慧,38
38,张铮,38
38,于涛,38
8,陈曦,38
38,李嘉隽,38
38,肖丽萍,38
14,钱君仲,38
38,周禹洋,38
11,李博,38
38,张源灵子,38
38,夏梦,38
38,林希,38
38,唐齐遥,38
38,王娅楠,38
38,笑寒,38
38,王乐乐,38
38,周成强,38
38,张傲阳,38
38,乔溪彬,38
38,刘芊妤,38
38,刘彦卿,38
38,金一帆,38
38,赵健雄,38
5,王滢,38
38,谭皓,38
38,马京,38
38,陈瑶,38
38,顾h,38
38,葛其健,38
8,梁敏仪,38
38,万瑶,38
38,高婷婷,38
8,白薇秀,38
8,王传一,38
38,王建皓,38
38,李亚天,38
11,钟琴,38
38,艾尚絮,38
38,段秋旭,38
38,曾秋生,38
38,张艺骞,38
14,刘芳,38
38,石筱磊,38
8,梁正群,38
38,林宇阳,38
38,宋倩丽,38
38,范翔,38
38,李阳,38
38,陈南飞,38
38,芦鑫,38
38,刘巍巍,38
39,向云,39
39,吴姬,39
39,张殿菲,39
39,谢其文,39
39,杨筱敏,39
39,王乐,39
39,陈泓羽,39
39,刘宸歌,39
39,傅筱,39
39,项宇,39
39,司马燕,39
39,郝洋,39
39,雅蒂,39
27,王建复,39
39,张宝,39
39,陈焕焕,39
39,王沁宜,39
39,阿尔斯郎,39
39,郑创译,39
23,王耿豪,39
8,沈志明,39
39,宁晓志,39
39,郑龙,39
39,陈一嘉,39
14,潘玲玲,39
39,曾肖龙,39
39,郑旭东,39
39,李云飞,39
39,张瀚月,39
39,姜伊然,39
39,吴瑶,39
14,金瀚,39
8,张雪芹,39
39,林子萱,39
39,姚文雪,39
39,刁琳琳,39
8,杨洛婷,39
39,邹轩琦,39
39,马薇薇,39
39,左雯璐,39
39,李欣欣,39
39,胡影怡,39
32,张功长,39
39,牛哲,39
39,刘馨遥,39
39,何珈好,39
39,雷振威,39
39,修宗迪,39
39,何岚,39
39,秦蒙蒙,39
39,廖晓琴,39
39,迟志强,39
39,耿杨,39
39,史光辉,39
30,金天宇,39
5,翟凌,39
39,柳杨,39
39,王灵,39
39,刘筱琴,39
39,陈佳佳,39
39,李璐瑶,39
39,王伟华,39
14,黄路路,39
39,孙薇薇,39
39,姜琬璇,39
39,高广泽,39
39,刘雨涛,39
39,韬顺,39
39,王莎莎,39
39,康凯,39
15,王国沣,39
39,张梦斯,39
39,尚玟熹,39
39,郑璐,39
39,乌兰,39
39,张天骐,39
39,康恒涛,39
39,张惠程,39
11,赵涛,39
39,许玮,39
39,章佳怡,39
17,冯家俊,39
39,周庭伊,39
39,翁艺嘉,39
39,朱芷仪,39
15,吴日言,39
11,戚玉武,39
39,刘晨睿,39
39,陶艺,39
39,孔汐文,39
40,满婷,40
23,张耀栋,40
3,小泽玛利亚,40
14,唐可,40
43,木每紫,40
40,王安迪,40
5,林嘉俐,40
40,丁丁,40
14,家梁,40
14,昌Z翔,40
8,曹敏莉,40
40,王翊歌,40
40,郑睿,40
40,王一淼,40
14,朱芯仪,40
40,宿丹,40
40,陈凡,40
40,张舒淼,40
23,范蓁蓁,40
40,宋行,40
40,王波文,40
40,刘晔,40
40,项斌,40
40,刘白茶,40
40,张卓行,40
40,盛鉴,40
31,李雨桐,40
40,格桑,40
40,郭子豪,40
40,张澍,40
40,王靖宇,40
40,张钰茜,40
40,王希之,40
40,宋佳玲,40
40,吴晗歆,40
23,涂冉,40
40,张立的,40
40,蒋沂希,40
40,耿奇,40
40,杨晓蓉,40
40,欣睿,40
40,夏子瑜,40
40,文东彪,40
40,王兆林,40
40,柳懿,40
17,陈宛蔚,40
40,孙滢壹,40
40,李岩,40
5,麦浚龙,40
40,马俏,40
40,赵小佳,40
40,樊锦霖,40
40,蔡雅同,40
30,施诗,40
40,王馨苒,40
40,李金,40
40,韩野,40
40,赵骏,40
40,王晔,40
30,郑典,40
21,郑云,40
40,于博宁,40
40,王楠,40
40,杭正一,40
40,栾晰,40
40,陈蕾,40
40,王紫贝,40
40,顾宇峰,40
5,许效舜,40
40,陈宣辰,40
30,王可昕,40
40,杨青,40
14,刘致妤,40
40,蓁韵曾,40
41,刘熙,41
41,康俊龙,41
41,吴沂凡,41
41,赵永恒,41
41,冷海铭,41
41,袁程程,41
41,李炳辰,41
14,吴云飞,41
8,孙心娅,41
41,晏冰,41
41,孙绍龙,41
41,黄凰,41
41,魏子茵,41
41,张何必,41
41,向能青,41
41,王婉加,41
41,刘思博,41
16,袁紫侨,41
41,曹洋,41
41,连晋,41
23,黄瑞B,41
41,刘小辉,41
41,王思媛,41
14,张鑫,41
35,邵巍桐,41
41,龚昊冉,41
41,叶倩,41
41,张德晖,41
161,王佳懿,41
8,赖薇如,41
41,玮子,41
41,孙安栋,41
41,李璐茜,41
14,谢珊珊,41
41,白馨然,41
41,刘玉婷,41
41,黄予歆,41
41,肜耀忠,41
41,秦金虎,41
15,王从希,41
41,刘静文,41
41,蒋婧,41
41,何璐,41
41,李宇,41
29,张纬驰,41
41,朱琳,41
41,阮文涛,41
41,姜斯瀚,41
17,常乐,41
41,乌日娜,41
41,米杨,41
41,李辉,41
41,伊龙,41
5,蔡昌宪,41
30,郑锡龙,41
41,王煜锋,41
41,杨森凯,41
30,吴健,41
41,徐鸣杰,41
41,张静懿,41
41,罗文丽,41
41,肖光旭,41
41,王梦婷,41
41,李树,41
14,田蕾希,41
41,王文冲,41
14,张境佳,41
41,李晓川,41
41,谷洋,41
5,莫小玲,41
41,任奕霏,41
41,常波,41
41,王悠,41
41,王子豪,41
41,王禹铮,41
42,孙智博,42
42,樊达,42
42,尤翊霖,42
42,杨平友,42
42,王琪瑞,42
42,刘俐娟,42
42,杨阳,42
42,康晓熙,42
42,吴兰馨紫,42
42,杨彤彤,42
42,孙艺铭,42
42,颜嘉乐,42
42,黄仔育,42
42,盖玺,42
42,沈婷婷,42
5,杨丽音,42
42,向以丞,42
42,刘潮,42
42,廖蔚蔚,42
42,韩啸,42
43,刘大潮,42
42,李沂泽,42
15,陈秀珠,42
42,王华佗,42
42,马彦伟,42
25,辛伟廉,42
42,刘申,42
42,刘莹,42
8,畲艺,42
42,姜彬,42
42,陈旭,42
42,吕润桐,42
42,何阳,42
42,修革,42
42,何智鹏,42
23,励洁,42
42,陈鸿锦,42
8,戚黛黛,42
42,李佳靓,42
42,李涛,42
30,彭涛,42
5,万芳,42
8,黄子洋,42
42,王坤,42
42,商侃,42
42,赵笑宇,42
8,林静苗,42
42,姜猛,42
42,鲁昕儿,42
42,闫勤,42
42,李心彤,42
42,吴旭度,42
42,吴双羽,42
42,董含露,42
42,孙歌璐,42
42,王卿伟,42
13,王衡,42
42,傅晓冰,42
42,祁汉,42
13,王豪,42
42,李汶学,42
42,张春,42
42,叶琪山,42
42,伊娜,42
42,徐歉,42
56,裕美,42
42,姜邵文,42
5,梅莉那,42
42,舒萧霖,42
42,王志恒,42
42,陈艺鑫,42
42,祝涛,42
23,杨政,42
42,成龙,42
14,周云鹏,42
42,陈美慧,42
42,周弋楠,42
42,蒋林燕,42
42,王威燕,42
49,何波,42
42,小虎,42
42,孙铁,42
42,陈皇羲,42
42,彭韵洁,42
42,陈芊芊,42
42,安龙,42
42,陈国良,42
42,丁沛桐,42
43,陈市,43
43,晨铂浩,43
43,斯巴克,43
43,刘洪源,43
43,马驰,43
43,孙布尔,43
5,马志翔,43
43,樊Z澄,43
43,朱首伦,43
25,陈静仪,43
43,田琳,43
30,戴辉,43
43,苗皓钧,43
43,蔡牧昀,43
3,范植伟,43
43,李峰,43
43,董h,43
43,洪铭歌,43
43,刘晗,43
43,刘泷骏,43
43,卢海华,43
43,姜淮海,43
43,黄毓嘉林,43
43,贾伟,43
43,宋国锋,43
43,邱林,43
43,蔡小艺,43
43,郑梓豪,43
43,侯梦瑶,43
43,徐溢,43
43,陈龙星,43
43,聂毛,43
8,杨婉仪,43
43,周雨铭,43
43,赵茉舒,43
43,刘奕宏,43
43,吴若曦,43
23,夏振凯,43
43,许松霆,43
43,潘钇安,43
8,丁一宇,43
23,汤梦佳,43
43,周丹妮,43
43,郝文婷,43
14,宋春丽,43
8,陈伶俐,43
43,黄小瑜,43
43,郑晓民,43
43,王翌舟,43
43,廖娟,43
23,瞿澳晖,43
43,宋嘉,43
43,李凤鸣,43
43,高语阳,43
23,黄泰安,43
43,巴丽娜,43
5,张棋惠,43
43,王迩睿,43
43,柏嘉莹,43
43,葛星,43
43,方向,43
43,杨吟吟,43
43,刘艺冰,43
43,丁梦雨,43
43,高桂杰,43
43,杨慧,43
43,刘子威,43
43,周轩羽,43
43,白铭健,43
43,杨彦,43
43,李姗姗,43
43,王合喜,43
43,邓莉,43
43,邹东孝,43
43,贾宏伟,43
43,杜肖雄,43
43,吴晓东,43
43,徐鹤月,43
43,戴金正,43
43,丛鹤,43
43,李冰,43
44,赵一龙,44
44,王佳健,44
23,赵晨妍,44
44,叶禹彤,44
44,刘苏,44
44,张馨怡,44
14,邵卓尧,44
149,凌飞鸿,44
44,王烈,44
44,盛贝娜,44
44,俞晴,44
44,马幼兴,44
44,张宇鹏,44
25,胡豆,44
44,王译茉,44
44,赵靖,44
44,郑好,44
44,陈昌文,44
8,汪建民,44
15,陈启泰,44
44,傅羽佳,44
44,丁柳雁,44
44,王伟,44
44,王欢,44
44,荆诗晴,44
44,马嘉均,44
25,赖一鸣,44
44,宋孟竹,44
44,邢增婧,44
44,朱袁员,44
44,钟楚曦,44
44,唐一菲,44
44,轲然,44
44,单薇,44
44,安雅萍,44
5,吴尊,44
21,袁帅,44
44,姚宁宁,44
44,孔千千,44
44,王志刚,44
44,黄如,44
44,孙敬涛,44
5,柯宇纶,44
44,储宁珈懿,44
44,周孝安,44
44,袁惠芳,44
44,孙浩涪,44
46,张毓畅,44
44,春霖,44
44,黄天崎,44
44,李晓南,44
44,马丽,44
44,王文思,44
44,高宇阳,44
8,郑嘉雯,44
44,孔令美,44
32,吴子健,44
44,章婷婷,44
44,钱迪迪,44
44,东方,44
44,杨安琪,44
44,龚悦,44
5,黄得生,44
44,晨媛儿,44
44,孙思萌,44
44,梁轩,44
44,刁扬,44
44,章莹,44
14,施易男,44
44,汪佳佳,44
44,陈淑兰,44
44,郑岚侨,44
44,贾晓龙,44
44,徐冲,44
44,侯剑,44
45,王韵晰,45
45,高蕊,45
13,王瑞儿,45
45,王越,45
45,姜艺声,45
45,杨阔,45
45,高歌,45
23,吴佳珊,45
45,李珊珊,45
45,郑各评,45
45,阿多拉,45
45,王睿煊,45
45,邵帅,45
8,蔡颖恩,45
45,徐仕龙,45
11,欧瑞伟,45
45,何李宁,45
45,杨香玉,45
45,曾晓斌,45
45,陈霁平,45
31,叶欢,45
45,姚洛铭,45
45,李国煌,45
45,刘子璇,45
45,于淼,45
45,钟心,45
45,王爱玲,45
27,耿歌,45
45,甜心,45
45,梁,45
45,刘卫华,45
45,孙曼赫,45
45,雷可倪,45
45,董LL,45
32,杨森,45
45,王旭东,45
45,陶海,45
45,张优,45
45,叶福生,45
45,康益豪,45
32,刘勇,45
45,胡敏芝,45
34,彭怡歌,45
45,胡敬波,45
45,康杰,45
45,闫兴雪,45
45,蒋祖曼,45
45,张晓辉,45
45,吴克清,45
45,李沛泽,45
45,康露予,45
45,丁若煊,45
14,舒锦霞,45
45,冯静,45
45,张家睿,45
45,张善为,45
45,高长远,45
15,张嘉芷,45
45,莉璃,45
45,夏一瑶,45
17,李易祥,45
45,肖若明,45
45,彤阳,45
45,周童童,45
45,郭万超,45
45,黄喜,45
5,刘程杰,45
45,杜杜,45
45,韩彦博,45
45,隋存毅,45
46,张宇,46
46,马梓涵,46
46,姜景中,46
46,董一兵,46
46,于慧,46
46,潮洛梦,46
21,徐铭泽,46
46,王居峰,46
3,王学圻,46
46,徐自贤,46
46,梁丽莹,46
14,刘红星,46
46,香奈儿,46
23,林俞汝,46
46,孙荣,46
46,王萌,46
46,严妍,46
46,李佳,46
46,青城,46
46,满柠溪,46
46,东旭,46
46,刘荫,46
32,焦阳,46
21,马诺,46
46,俞杰奇,46
46,柳林,46
46,向昱锦,46
46,赵格,46
46,张洋,46
23,方伟杰,46
46,荣飞,46
46,郭峰儿,46
46,付悦,46
14,杨青倩,46
46,王振,46
46,李萍,46
27,雅慧,46
46,李明泽,46
46,高晶,46
46,香港熊,46
8,朱敏瀚,46
46,杨雨橙,46
46,文筱芮,46
46,张国庆,46
46,孙梅竞,46
46,周影,46
50,陈欣予,46
46,张瑜,46
46,孙霆,46
46,刘寅文,46
46,李思宁,46
46,陈兵,46
46,柳思贝,46
46,赵泽文,46
14,张凯,46
7,苗可丽,46
46,姜永鹏,46
25,关菁,46
46,李静怡,46
46,孙启恒,46
23,王艺埙,46
46,陈大伟,46
46,黑木真二,46
46,高明娥,46
46,张维伦,46
46,石普州,46
46,祝雨辛,46
46,木马易,46
46,丁梓光,46
15,关宝慧,46
15,马海伦,46
46,唐北平,46
46,陈瑜,46
46,席千乔,46
30,苌哲涛,46
46,葛安雨,46
46,金士哲,46
46,魏欣宇,46
46,项博,46
46,徐开骋,46
47,王h,47
47,王双,47
47,贺宽,47
47,赵磊,47
47,周蕊,47
47,彭迪安,47
47,王维维,47
47,缪晓东,47
47,王成龙,47
47,李鑫雨,47
47,姜峰,47
47,孙浩恩,47
47,王龙,47
47,颜小依,47
23,夏语心,47
47,陆梅芳,47
47,王乙竹,47
47,陈天文,47
47,刘璐,47
47,李晨熙,47
33,陈婧,47
47,钱映伊,47
47,田甜,47
8,袁彩云,47
47,翟汇楠,47
47,郑智中,47
3,林文龙,47
14,陆翊,47
47,刘泰斗,47
47,孟原德,47
47,黄成麟,47
47,邢城,47
47,杨可嘉,47
47,火喻,47
47,李耀景,47
47,陈昱光,47
47,齐海洋,47
47,李继龙,47
47,赵寒雪,47
47,王子涵,47
47,刘挺,47
47,刘红雨,47
14,过齐鸣,47
47,李黎,47
47,宋小宁,47
47,胡丹丹,47
47,王子瑜,47
47,肖华,47
47,李桃,47
47,梁政珏,47
47,蔡芷瑜,47
17,刘馨远,47
5,郑家维,47
47,张可欣,47
47,肖婷佳,47
47,郭钟宇,47
47,柯沐汐,47
32,刘纪铭,47
11,邵美琪,47
47,寇娜,47
23,杨晴u,47
47,李龙君,47
47,崔达治,47
5,冲田杏梨,47
47,殷飞,47
47,陈溱,47
47,刘婕,47
47,付永俊,47
47,刘雨嘉,47
47,白莫菲,47
47,柱子,47
47,金鹏,47
47,傅方俊,47
47,孙文婷,47
47,妙林,47
14,章证翔,47
47,于洋,47
47,彭一伊,47
30,尤天翔,48
48,李文斌,48
48,俞露,48
48,张玉春,48
48,金钟,48
48,李素璇,48
48,吕明明,48
48,韩朔,48
48,胡菀清,48
48,杨瑞鹏,48
48,韩悦,48
48,詹姆斯?奥夫斯,48
48,陈杨,48
48,赵一龙,48
48,郭庆雪,48
48,郑雪,48
48,马婵娟,48
48,施柳屹,48
48,杨宸鉴,48
25,叶梓萱,48
8,黄长兴,48
48,孙聪,48
27,庞蕾馨,48
48,万斯佳,48
48,覃子轩,48
48,连旭东,48
48,陈纬卿,48
49,黄鹂婉,48
48,司卉,48
8,刘雨柔,48
48,董浩然,48
50,尹甜,48
48,金草,48
48,陈良,48
11,王少伟,48
48,张静东,48
48,郭峰,48
48,叶禾,48
14,贺文杰,48
48,宣依,48
48,王心培,48
48,褚颖颖,48
5,唐国强,48
48,张洋,48
48,党昊,48
23,梁立勇,48
48,殷浩铭,48
48,贾媛媛,48
48,李森,48
48,张雅涵,48
48,王宁博,48
48,梁雪芹,48
48,尕让邓真,48
48,黄俊淇,48
48,叮咚,48
48,郑招凡,48
48,韩丹彤,48
48,王焕鑫,48
48,郑业成,48
48,钟弦,48
48,左雅,48
48,赵元铭,48
48,李昂,48
49,陈昱霖,49
31,罗梓u,49
49,申军谊,49
49,孙云,49
49,王紫伊,49
25,李沛,49
49,池源,49
49,姚鑫,49
49,沙峻冲,49
49,许楚涵,49
49,宋卉如,49
49,刘勇森,49
49,谢钢,49
49,王禹,49
49,刘翕,49
49,唐海容,49
49,赵铁英,49
49,邵汶,49
49,王帅,49
13,黄金己莹,49
49,魏三,49
49,王铭,49
49,马佳夕,49
49,温亚男,49
49,沈佳,49
49,杨劲松,49
49,苗亮,49
49,赖迦童,49
49,洪军杰,49
49,刘成瑞,49
49,祝颂皓,49
49,李滨,49
49,张姗姗,49
49,海蓝,49
49,徐乐同,49
49,尚悦,49
30,胡子斐,49
49,王裳容,49
49,何花,49
49,于嘉芮,49
49,高玉玺,49
11,姚玟隆,49
49,孙亚军,49
49,嵇天毅,49
14,黄维德,49
49,张祺晟,49
49,王t,49
49,张大雷,49
49,柳俊泽,49
49,功夫婵婵,49
49,黄婧熹,49
25,冯飞飞,49
49,邓为,49
49,苑冉,49
11,刘子绚,49
49,孙鹏昊,49
49,柳苏桐,49
49,宋茶茶,49
49,乔鹏樾,49
49,王馨梓,49
49,王煜,49
49,匡牧野,49
49,刘奇,49
30,刘涛滔,49
49,周彦岑,49
49,王晶,49
49,王海豪,49
49,时晓飞,49
49,王韦智,49
49,马双翼,49
14,吴定谦,49
49,赵超,49
49,张蓓蓓,49
49,马骏超,49
49,冯静恩,49
49,王庆,49
49,侯伊荻,49
49,刘倩文,49
42,冉忠芬,50
30,白宇,50
50,法提麦雅琦,50
50,于峻,50
50,阚雪华,50
50,李阳,50
50,张晓飞,50
15,钟慧冰,50
50,封柏,50
50,孟丹,50
50,徐晶晶,50
50,张柏嘉,50
50,吴翩翩,50
50,董春辉,50
23,方志友,50
50,吴倩,50
50,郑鑫,50
50,秦汉,50
50,王,50
50,海文,50
50,高扬棋,50
50,张植绿,50
50,郑嘉伟,50
14,张佩莹,50
50,刘晗,50
50,虞金泽,50
50,徐进,50
50,李雪峰,50
50,译仁胡,50
50,沈玮杰,50
50,陈敏,50
50,刘姝瑾,50
8,邵昕,50
14,丁洋,50
8,郭可盈,50
5,纪文惠,50
50,何晴,50
50,连心媛,50
50,岳翔,50
50,林司敏,50
50,彭禺厶,50
50,刘羽桐,50
50,苏蒙蒙,50
50,张优,50
50,王俊兮,50
5,蔡珍妮,50
50,阎娜,50
50,李盟,50
50,黎涓,50
50,陈良平,50
50,杨洋,50
50,赵恺依,50
50,林彦君,50
50,傅云昭,50
50,曹玉冲,50
50,赵欣,50
50,霜霜,50
50,赵骏,50
50,李水诺,50
45,张文杰,50
50,钱同钰,50
50,曾祥程,50
23,郑棋元,50
50,李善玉,50
50,高腾,50
50,陈冠霖,50
50,李智浩,50
50,庄馨,50
50,马艺尔,50
50,邓紫衣,50
50,解艺,50
50,袁陈丽,50
50,刘思博,50
50,郭静琳,50
50,王天立,50
50,程品然,50
50,覃文静,50
13,邹承恩,50
50,王培t,50
50,童振军,50
50,张晓,50
8,马蹄露,50
50,是安,50
50,金洋,50
50,宇秋,50
50,熊久仪,50
51,居辉,51
51,夏花,51
51,隆莎,51
51,刘雅函,51
51,陈诗丹,51
23,党韫葳,51
40,唐妍,51
51,李欣烨,51
51,庞贝童,51
51,吴弘,51
51,黎奇,51
51,张承,51
8,乔宝宝,51
51,宁檬,51
51,奕彤,51
31,姚艺辉,51
51,张琳娜,51
8,林佩琦,51
51,萧凯欣,51
51,余淼,51
51,穆薪同,51
51,徐睿涵,51
51,刘思梦,51
15,汪圆圆,51
51,王洪祥,51
51,兰琦,51
51,任学海,51
51,鲁源源,51
51,赵静沛,51
51,黄梓骏,51
51,王欣雨,51
51,丁嘉旭,51
51,王卡露娃,51
51,马藜,51
51,母丹,51
51,刘文娜,51
51,韩雨嘉,51
51,路译,51
35,佟月,51
25,王景羲,51
51,成方旭,51
51,田雕侠,51
51,吴华新,51
51,赵一麟,51
5,林逸欣,51
17,陈爽,51
51,刘小东,51
51,苏瑾,51
51,贺杨,51
51,陈冬青,51
51,李杰,51
51,陈丽娟,51
51,袁娴,51
51,孟琳,51
51,徐东生,51
51,马俊,51
51,莫家淦,51
23,袁冰妍,51
51,柴格,51
5,傅强,51
51,宫哲,51
22,汤骏业,51
51,薛宇槟槟,51
17,黄国伦,51
52,王岗,52
8,金贤重,52
52,刘瑞琪-,52
52,陈宇琛,52
52,陆渤蕊,52
52,陈忆,52
52,宫海滨,52
52,杜子名,52
52,李小言,52
52,陈彦行,52
52,曹剑,52
11,游小优,52
52,张霄,52
52,朱虹,52
52,戚云鹏,52
52,计美臣,52
52,李小娇,52
52,尤靖茹,52
52,刘立,52
52,孟子叶,52
52,张嘉佑,52
52,张梦瑶,52
52,唐婉,52
52,尹天照,52
52,孙苍,52
52,张妍妍,52
52,陈韬,52
52,许可嘉,52
52,秦丹,52
52,陶亮,52
52,王潇参,52
52,高煜展,52
52,魏震,52
52,靳,52
52,刘美娟,52
52,何基佑,52
52,郭进,52
52,杜飞龙,52
52,路思奇,52
50,郭美孜,52
52,李洋,52
52,王思雅,52
52,俞小凡,52
35,徐可,52
52,王浩宇,52
52,叶全真,52
52,徐壹乔,52
52,张丙庆,52
52,唐于鸿,52
14,金鸿鸣,52
52,李欣颖,52
52,钱晓蕴,52
52,常E,52
52,温雯,52
52,张一强,52
25,陈艾琳,52
52,刘冠言,52
8,邝文,52
52,高兴,52
14,贺树峰,52
52,张铂辰,52
52,李眸,52
52,刘梓妍,52
52,杨馥源,52
52,周彦呈,52
52,张亚海,52
52,周艺扬,52
52,龙怀忠,52
52,赵熙琳,52
52,刘志刚,52
52,卢思佚,52
14,张光北,52
52,胡珍珍,52
52,吴子竞,52
52,徐熙阳,52
52,卢毅,52
52,张馨文,52
52,关德辉,52
52,秦鸣悦,52
14,崔志佳,52
53,刘婉婷,53
53,于歌,53
53,汪媛,53
53,郑宜涵,53
11,孙嘉一,53
53,刘潺,53
53,颜世魁,53
53,高艺菲,53
53,金丽婷,53
53,湛雅书,53
53,鲁家辉,53
53,全欣,53
14,张砾之,53
53,马永新,53
7,潘慧如,53
53,王艺,53
53,赵雅莉,53
23,邵诣,53
53,孙宁,53
53,乔瑜岩,53
53,高尚,53
30,张小磊,53
53,赵聪,53
53,张雨提,53
53,王淼,53
53,赵溪童,53
53,王曼妮,53
53,王光辉,53
53,孙彬皓,53
19,刘圆媛,53
14,刘伟恒,53
53,陶理,53
53,杨佐夫,53
53,苗雅宁,53
53,杨清,53
53,唐纯,53
14,赵钢,53
14,张娜拉,53
53,丁浩,53
53,周恒远,53
53,周敬峰,53
53,马岚,53
53,陈悦,53
14,田中千绘,53
53,杨磊,53
53,郭铁城,53
53,绰琦,53
53,穆立新,53
53,符涛,53
53,诸葛橙橙,53
11,李李仁,53
14,周崇庆,53
53,谭俊彦,53
53,李佑伟,53
8,廖语晴,53
53,姜星宇,53
14,罗云熙,53
43,王长林,53
30,李智毅,53
53,周传兮,53
53,胡珊珊,53
49,赵a妍,53
53,王楠,53
54,任祉妍,54
54,张莉莎,54
54,汪小茜,54
54,杨成,54
54,彭家丽,54
54,吴亚衡,54
54,郭金,54
14,小飞龙,54
54,吴迪,54
54,石林,54
54,吴乙彤,54
54,罗莹,54
54,娄彦儒,54
54,贺云馨,54
54,成国栋,54
54,栾评,54
54,叶梓棠,54
54,徐光,54
8,刘伊心,54
54,王俪桥,54
5,曾沛慈,54
54,潘丽,54
5,林永,54
25,邹杨,54
54,杨丽晓,54
14,李玲玉,54
27,甘萍,54
54,董波,54
54,王伟光,54
54,姚锡明,54
17,姜海军,54
54,王泷正,54
54,赵倩,54
54,施羽,54
14,张凤书,54
54,呼延晓辉,54
7,丁志诚,54
54,王奕瑾,54
54,X先森,54
54,陈景磊,54
54,廖希,54
54,顾艳,54
54,赵文琪,54
54,罗筐,54
54,陈慧敏,54
54,范琳琳,54
54,张靖宜,54
54,赵杨,54
54,徐昊原,54
54,纳伊莎,54
25,白若溪,54
54,戴江,54
17,丁乐锶,54
54,徐玮璐,54
54,雷昊东,54
54,胡子玫,54
54,樊蕊,54
54,刘晓邑,54
54,迟筱暄,54
54,曹楠,54
54,罗忆楠,54
33,唐鉴军,54
54,何亚男,54
54,潘泰名,54
54,张博,54
54,赵思园,54
54,刘亮,54
54,徐永革,54
54,赵梓杰,54
15,苏恩磁,54
54,樊营,54
54,郭进尧,54
12,董至成,55
21,杜挺豪,55
50,郭军,55
55,米紫安,55
3,李准基,55
46,黄宝极,55
14,归亚蕾,55
21,林熹瞳,55
55,李川,55
35,朱杰,55
30,周靖然,55
55,魏子晴,55
14,小沈龙,55
55,刘洋,55
55,史超,55
15,元华,55
55,李兰迪,55
55,张倩,55
55,黄秋子,55
107,张彤霖,55
55,普纯,55
14,向语洁,55
55,杨妍妍,55
31,谢宇川,55
55,刘小强,55
50,赵俊B,55
55,贾龙,55
55,王丁一,55
50,金汐,55
55,梁诗冉,55
55,陈h,55
55,马欢胤,55
55,裴殷,55
55,王瀚,55
50,蒋雪鸣,55
55,李艳冰,55
5,彭秀慧,55
30,皇羽轩,55
55,白瑶,55
55,陈林海,55
55,李天涯,55
55,章,55
55,王嘉俪,55
55,刘宸希,55
55,林安竺,55
21,李浩林,55
55,朱敏铭,55
55,钟雨桐,55
23,赵霁,56
49,丛博,56
56,陈逸宁,56
56,罗天宇,56
56,魏天赐,56
5,艾力克斯,56
56,姚金召,56
56,史啸吟,56
56,高文,56
56,赵思,56
56,李瑞,56
56,杨萌,56
56,谢昱缇,56
56,石斌斌,56
56,若琪,56
56,王晔,56
56,刘芙伶,56
56,刘芸杉,56
56,孙祖杨,56
50,王妍,56
56,任喜涛,56
56,刘煜,56
14,李克伟,56
14,韩雨芹,56
30,赵寰宇,56
43,曹慕锦,56
56,杨露璐,56
56,黄芷晴,56
56,叶思淼,56
34,黄伟,56
56,王骁,56
14,尚霏,56
56,吕游,56
46,林丹萍,56
56,李健仁,56
56,杨森,56
14,谢欣颖,56
56,朱紫汶,56
56,尹丹丹,56
56,李宗翼,56
161,苏德钢,56
23,马艺u,56
8,王姬,56
56,梁燕燕,56
49,安宇,56
14,吕熙,56
23,李晨浩,56
56,贝敬楠,56
56,郝刚,56
56,陶飞霏,56
56,边程,56
40,袁小浪,56
56,瞿麟曼,56
56,陈承儿,56
56,王泽宗,56
56,殷硕,56
56,王浩钧,56
42,王增奇,56
56,徐艺涵,56
57,周小飞,57
57,孙晓爽,57
14,曹星,57
57,陈泽宇,57
57,程思寒,57
57,张宵思,57
57,王,57
57,张启乐,57
57,耿英埔,57
57,张蓝艺,57
57,肖显鹏,57
57,李根,57
57,袁野,57
57,张铭t,57
57,孙兴,57
57,杨茜雅,57
57,马秋子,57
57,卢思思,57
57,王冕,57
30,付,57
57,秦伯坤,57
14,谭伟权,57
57,何梦洁,57
57,张明磊,57
57,佟晨洁,57
57,张g,57
57,冯宝宁,57
57,吕静,57
57,王驾麟,57
57,周雪菲,57
57,叶鹏,57
14,于明加,57
57,王泽霖,57
23,刘思巍,57
57,磊子,57
17,李学庆,57
57,陈丽媛,57
57,范晓明,57
57,刘乐,57
57,王道铁,57
57,邓安奇,57
57,阳蕾,57
57,姜洋,57
57,李璐兵,57
57,王仲欣,57
57,金琦茗,57
57,伍麟凯,57
57,刘斌,57
57,邹涵虹,57
57,游游,57
57,张凯,57
57,黄树棠,57
57,杨雅絮,57
57,洪诚阳,57
57,李培铭,57
57,董妮娜,57
57,韦亦波,57
57,孙杨,57
57,夏赫娜赞,57
57,杨志雯,57
57,秦晓飞,57
57,苏盈之,57
57,向鼎,57
57,陆恩华,57
57,张骞,57
8,陈泓宇,57
57,高赫,57
57,盖吉利,57
57,陈德容,57
57,曾诗梅,57
57,战一,57
57,何静,57
57,刘金龙,57
25,赵硕之,57
8,宋逸民,58
58,刘长纯,58
58,白峰金雨,58
58,张天啸,58
58,江佳桐,58
58,戎祥,58
58,鲁霖,58
58,齐峰,58
58,于杪鑫,58
58,于一番,58
58,石晨,58
58,袁志博,58
5,柯以柔,58
58,孙竟争,58
30,王一,58
58,王迪,58
14,陈翊萱,58
58,刘,58
14,王小宝,58
14,雷凯欣,58
58,刘俊宏,58
58,秦佳明,58
58,潘帅,58
58,柏毅,58
58,宋汶嘉,58
30,双鱼座,58
11,李佳豫,58
58,蔡翰维,58
58,门毅,58
58,娜仁花,58
58,李根-,58
58,石佳灵,58
58,麦佳馨,58
58,陈铮,58
49,徐为平,58
58,汪雯雯,58
58,钟卫华,58
58,于东江,58
58,谢钟灵,58
58,侯长荣,58
58,李雅希,58
58,姚小夏,58
58,陆朗,58
30,张桐,58
15,方青卓,58
58,陈乔希,58
58,吕沅轩,58
58,程瑶瑶,58
58,贺睿,58
14,柳云龙,58
58,盛石头,58
59,王洁曦,59
59,陈楷,59
59,马里山,59
59,张利雄,59
59,孙艺宁,59
59,王乐君,59
59,王婧儿,59
59,李季,59
27,郑仲茵,59
59,张竞函,59
5,赵树海,59
59,许晚秋,59
59,韩冬,59
59,石铭熙,59
59,孟飞,59
49,刘一南,59
59,裴兴雷,59
27,周卫星,59
59,刘一辰,59
59,于超然,59
14,姚橹,59
59,王一静,59
59,吴洲凯,59
59,殷昊泽,59
59,任月丽,59
30,金梦,59
59,王品一,59
59,史向新,59
59,刘雅丽,59
59,伊莉莎,59
59,涂彦倪,59
49,方晓莉,59
59,朱琳,59
59,周士博,59
59,赵曼竹,59
59,苑新雨,59
59,李盟,59
31,童爱玲,59
59,王茹,59
59,潘宁,59
59,十八子,59
23,曹曦月,59
59,王义钦,59
49,初俊辰,59
59,王丹妮,59
59,杨竣羽,59
59,陈沁,59
59,陈青青,59
59,那岩,59
43,纪伟,59
59,迟越,59
59,田牧宸,59
17,董敏莉,59
59,董艺薇,59
59,张迁赫,59
59,杜雨辰,59
60,陈仙梅,60
60,杨欣,60
8,范筱梵,60
60,暖暖,60
60,刘南,60
60,石洋子,60
60,毛尔南,60
60,曾佩瑜,60
60,刘衍辰,60
60,于洋,60
60,廖亮,60
60,王月,60
60,张粤,60
60,孙立荣,60
19,陈欣健,60
35,刘慧,60
60,姜正阳,60
60,司珂华,60
60,许芳铱,60
60,白雪云,60
60,朱彩玲,60
60,孙志翔,60
13,李颖芝,60
60,杨铭威,60
14,陈家乐,60
32,栾浚威,60
14,闫光明,60
60,杨淼,60
60,曹帅,60
60,王瀚梁,60
60,周斌,60
60,王翔,60
70,何子君,60
34,巴哈古丽,60
60,张恩齐,60
60,毛尉光,60
60,宫萍,60
23,邵庭,60
49,许铂岑,60
60,王信然,60
60,闫巍,60
60,宋达民,60
60,吴涵伊,60
60,晔子,60
60,李Z,60
60,林景弘,60
5,金泛,60
60,程翔,60
60,陈虹池,60
60,马卫军,60
60,程润坤,60
8,邱枫,60
60,刘洋,60
60,黄美琪,60
60,迟佳,60
60,田璐,60
60,卓峻冉,60
60,杨怀民,60
60,刘畅,60
3,波多野结衣,60
5,刘流,60
14,邓永健,60
60,李洋,60
26,钟淑慧,60
30,汤镇宗,60
60,谢欣琳,60
60,王亚楠,60
60,廖慧珍,60
60,刘冠麟,60
60,李振宇,60
60,陈子婕,60
60,朱晓渔,60
61,郑铮,61
61,胡然,61
61,郭冰格,61
61,马贯东,61
61,毛婷婷,61
61,欧阳君帆,61
61,邬立朋,61
61,张馨戈,61
61,孙强,61
61,张B,61
61,赵檀,61
61,杜天平,61
61,谢东闵,61
23,顾宝明,61
61,黄佩霞,61
61,李思佳,61
61,战立国,61
61,叶佩雯,61
61,于鸿铭,61
61,杨若莹,61
61,章扬,61
49,蒋一铭,61
61,钱哆多,61
61,陈芊言,61
61,高一玮,61
17,徐天佑,61
61,韩张,61
61,刘家良,61
61,杨帆,61
30,闵健,61
61,王淑玲,61
61,潘馨,61
32,邬靖靖,61
61,林冶,61
61,高欣欣,61
61,倪景阳,61
61,李泽锋,61
14,方馨,61
61,沈可欣,61
61,张博,61
61,浦蒲,61
61,秦梵翔,61
17,燕飞,61
61,安雅,61
14,易易紫,61
62,张金钰,62
62,贺勋,62
62,王秀玉,62
62,李咏儿,62
62,温德明,62
62,武洪,62
62,王朋利,62
62,冉晓冬,62
63,佴文,62
62,张振华,62
62,马光泽,62
49,张京宇,62
62,曲少石,62
35,曲晓婉,62
62,宋磊,62
14,郭彦均,62
62,董蓉蓉,62
23,司雯,62
62,张琛,62
62,赵雅淇,62
62,赵荀,62
62,李娜,62
31,陈司翰,62
14,巴图,62
62,龚洁,62
5,孟晓艺,62
62,杨紫嫣,62
8,房思瑜,62
62,陈立新,62
17,李焯宁,62
62,曾彬峰,62
62,贾梓,62
62,黄斐,62
62,刘晓晔,62
52,张I康,62
17,王龙,62
62,孙晓斐,62
62,殷旭,62
62,戚九洲,62
49,王超帏,62
62,万松玲,62
62,施念慈,62
50,丁子玲,62
62,李帆,62
62,王聪,62
62,张轶,62
62,付轶,62
62,王君龄,62
14,高宇蓁,62
62,吉丽,62
62,向秋卓玛,62
62,常小川,62
62,一真,62
63,马丽欣,63
63,牛北壬,63
63,王美英,63
63,宫宏佳,63
63,郭妍岩,63
63,都桂宇,63
14,周扬,63
63,郭馨予,63
63,崔绍涵,63
23,唐振刚,63
63,李宜娟,63
63,郭芮溪,63
17,姜洋洋,63
63,张财波,63
14,杨爱瑾,63
63,潘严,63
63,王东青,63
63,李丞峰,63
63,金鑫,63
63,尔玛依娜,63
63,陈月末,63
63,单瑛哲,63
63,修庆,63
63,李娜,63
63,王慕骅,63
63,常奕然,63
63,侯勇,63
63,闫硕,63
63,彭龙,63
63,唐加思,63
63,陈俊文,63
63,何云龙,63
63,潘宝明,63
63,李雪婷,63
32,费振翔,63
36,孙征宇,63
63,赵妮娜,63
63,文光,63
63,张晓燕,63
63,李振,63
63,黄平杨,63
63,徐歆雨,63
63,冯凇凇,63
63,王春元,63
63,冯丽丽,63
63,庆玲,63
63,吕洋,63
63,马媛,63
63,郭艳,63
63,董勇,63
63,赵多娜,63
63,虞艳玲,63
63,方家翊,63
63,王韬,63
63,王睿,63
49,李枷霓,63
30,温峥嵘,63
8,谢雪心,63
63,涩谷天马,63
63,陈创,63
63,徐源,63
63,田鹤,63
64,马兆壮,64
64,刘松锋,64
64,刘晓勇,64
23,张翰,64
64,张芷钧,64
64,徐黄丽,64
7,李琦,64
24,童菲,64
19,董畅,64
8,梅小惠,64
64,廉赛,64
64,大庆,64
64,孙清,64
64,关慧卿,64
49,张澎澎,64
17,思齐,64
64,江雪,64
64,俞颖,64
64,韦力,64
64,鲁冠廷,64
64,蔡鹏飞,64
64,陈玺旭,64
11,牟洋,64
23,高曙光,64
64,于莹莹,64
46,历小峰,64
64,王钊,64
64,陈维涵,64
64,李冲,64
23,寇乃馨,64
64,彭子维,64
8,于荣光,64
64,王铮,64
64,唐苑,64
23,戴春荣,64
64,赵慧仙,64
64,刘伯勋,64
64,原维,64
64,余思潞,64
64,周咏训,64
64,张馨心,64
32,苏可,64
50,任悦,64
64,范近轮,64
64,张颖,64
8,黄莹,64
64,冯棉,64
64,康璐洁,64
64,许饱饱,64
64,啜妮,64
64,孙敬季,64
11,方文琳,64
65,白鹿晨,65
5,艾莉丝,65
65,吴妍妍,65
65,游艺,65
65,滕爱弦,65
65,卢茜,65
25,白健恩,65
5,宥胜,65
49,汪洋,65
49,杨奇雨,65
65,李菲,65
65,薛凯文,65
65,罗圆,65
65,于洋,65
35,郭明翔,65
65,荣益,65
65,杨杏,65
65,美加佳,65
5,陈维龄,65
65,赵春羊,65
65,贾顺治,65
23,刘苡辰,65
65,陈又宁,65
65,姚诗涵,65
11,王思平,65
65,刘汉强,65
65,尹君正,65
65,纪亚文,65
65,王婉中,65
65,李晟烨,65
65,刘园园,65
65,张栩纲,65
25,戴阳天,65
65,霍亚明,65
65,李舒桐,65
65,白静,65
65,向恬冉,65
70,吴江,65
14,陈倩扬,65
65,徐欣,65
65,张溪芸,65
65,钟思华,65
40,赵宇,65
65,谢冰,65
26,井上朋子,65
65,孙筱燕,65
8,小罗伯特?唐尼,65
30,汪妤凌,65
228,伊雯兰,65
65,李保民,65
65,朱晏,65
17,钟煌,65
35,赵希瑞,65
65,李保国,65
25,徐誉滕,65
65,王馨可,65
65,侯辉辉,65
8,张国强,65
65,宫媛,65
66,夏如芝,66
66,易子轩,66
66,宋允皓,66
66,张逸杰,66
66,钟久夫,66
66,王莹小慧,66
66,李晔,66
66,新七小福,66
66,李欣冉,66
66,张佳楠,66
66,葛晓凤,66
66,秦镱轩,66
46,郝光,66
8,周志康,66
66,郭奕君,66
66,殷宝莹,66
66,李O,66
66,陈超,66
66,吴佩柔,66
14,余男,66
66,王月雯,66
66,陈奕龙,66
66,栾元晖,66
66,杨彤,66
66,丁冠中,66
66,武雨泽,66
66,张函峰,66
66,高文峰,66
66,张乃鸥,66
66,迟立静,66
14,欧萱,66
66,陈威旭,66
66,孙奇,66
66,刘一D,66
11,李佳颖,66
66,曲双双,66
66,张晓辰,66
8,阿本,66
66,詹小楠,66
66,袁家宝,66
66,强宇,66
66,王策,66
66,诗琦,66
66,崔嵩,66
66,陈凯,66
66,何思融,66
66,洛诗,66
30,刘倩,66
66,夏可可,66
66,洪伟,66
66,龙雨,66
67,赵滨,67
67,李晴,67
67,金意然,67
67,林龙麒,67
67,董娴,67
67,董小眸,67
67,谢佳,67
67,唐煌,67
67,王宁,67
32,吕俊哲,67
49,朱江,67
67,刘鹏,67
67,高蓓蓓,67
67,孙骁潇,67
67,傅俪云,67
67,文清,67
35,安熠格,67
57,苏阳,67
67,秋烨,67
67,杨倬恩,67
67,杨舒,67
23,段钧豪,67
50,梁立文,67
67,王也天,67
8,张琳,67
67,孙中艺,67
67,高磊,67
67,李格格,67
11,齐冰,67
13,吴大维,67
67,谭歆柔,67
67,徐子u,67
67,孙隽圣,67
17,洪欣,67
67,崔宝月,67
14,林柏宏,67
67,曹晓雯,67
30,李昕芸,67
67,于娜,67
50,陈勇智,67
67,苏岩,67
67,孙书悦,67
67,薛淑杰,67
67,辛芷蕾,67
68,杨柠铱,68
68,靳美玲,68
68,王艺禅,68
68,王尧,68
68,黄建群,68
8,卢杉,68
68,陈星,68
14,李林,68
15,李宜铮,68
68,王会来,68
68,赵义,68
68,杭航,68
68,闫晓琼,68
68,房一美,68
68,段倩茹,68
57,莫熙儿,68
68,史天庚,68
68,宋宁儿,68
68,刘凯菲,68
14,蒋伟文,68
68,曹媛媛,68
5,李文,68
22,焦志强,68
68,马文忠,68
68,曾之乔,68
68,杜建桥,68
30,李炳渊,68
68,郭舒贤,68
14,杨一展,68
49,朱靖,68
68,夏炎,68
68,是元介,68
68,姚中华,68
68,雍宇森,68
68,李大光,68
68,王小虎,68
68,吴彼,68
68,杜敏赫,68
68,黄山,68
8,陈智,68
68,闫艳,68
68,常亮,68
14,张艾亚,68
68,高奕,68
68,周梓言,68
49,王洋,68
68,许紫青,68
68,崔楠,68
68,徐英娜,68
68,郑鹏飞,68
68,张欢,68
34,何琳,68
31,马茗伟,68
14,黄少祺,68
68,胡薇,68
68,孟瑞,68
25,徐佳琦,68
49,赵天,68
68,丛曼漫,68
69,吴静为,69
11,萧潇,69
14,杨琪,69
69,王珑谚,69
69,王瑞环,69
69,梁大维,69
69,陈威翰,69
69,和龙,69
69,张浩然,69
69,韩莺,69
69,周仲,69
69,韩雪薇,69
69,唐佳佳,69
69,袁文杰,69
69,源唯杰,69
33,金玫玫,69
69,何启南,69
69,孙天宇,69
69,尹雪夫,69
69,韩一菲,69
69,程骏年,69
5,蒋文迪,69
69,甘东营,69
69,刘鑫,69
30,王彤,69
23,刘宇E,69
69,潘仪君,69
13,刘品言,69
8,陈国峰,69
69,王熙然,69
69,江洋,69
69,何俊轩,69
69,孙东晓,69
14,张智尧,69
69,彭建伟,69
69,苏芸盟,69
69,康亢,69
69,铁男,69
69,李黎,69
8,蒋家F,69
69,王翊丹,69
69,刘思维,69
69,李奕辰,69
69,曹瑞,69
69,王刚,69
69,李琳,69
69,牛青峰,69
35,王赛男,69
5,林可彤,69
69,江宁波,69
69,刘羽桐,69
32,唐佳虎,69
70,刘真君,70
70,钱入富,70
70,裘仲维,70
70,陈昌旷,70
70,钮宝平,70
70,梦丽,70
70,张政勇,70
70,富冠铭,70
70,王文绮,70
70,杨浩煜,70
23,周采诗,70
70,张懿曼,70
70,千景,70
70,商晓卿,70
70,刘丛丹,70
70,蓝彭友,70
70,汤砚馨,70
70,何育骏,70
70,刘韦伯,70
70,黄智超,70
70,邓炀,70
17,刘朵朵,70
70,李德龙,70
8,罗霈颖,70
70,李繁,70
70,李泰延,70
70,吴天瑜,70
70,宋嘉豪,70
70,戴子翔,70
70,薛云龙,70
70,孙正,70
46,葛珊珊,70
70,江易珈,70
70,杨丰宇,70
70,姚元浩,70
70,张维伊,70
70,张家川,70
70,丽黛尔,70
70,马艺家,70
17,林师杰,70
14,张慧雯,70
70,乔大韦,70
70,闫妮,70
70,赵圆圆,70
70,陈莹,70
70,杨沅翰,70
70,王森,70
70,李至强,70
70,孙健淇,70
70,刘芮麟,70
70,秦一铭,70
70,紫逸,70
70,杨雅诺,70
71,李广斌,71
30,牛力威,71
71,白荟,71
71,康乐,71
71,滕芊芊,71
71,费伟妮,71
71,杨凯迪,71
71,赵雪莲,71
71,肖彦博,71
17,林影红,71
71,宋汶霏,71
71,天悦,71
71,胡珈宁,71
71,叶峰传,71
71,皓翔,71
71,赵伊,71
71,吴军表,71
71,王L强,71
71,曹元泰,71
71,陶思源,71
71,张英,71
57,王品,71
71,王艺明,71
71,井凌潇,71
71,王亚梅,71
5,陈建斌,71
71,梅寒,71
71,余又熙,71
30,曾静,71
67,章小静,71
71,祁艳,71
71,郭小雨,71
71,黄梦丹,71
71,王修泽,71
71,石兰,71
71,新苒,71
71,潘宜刚,71
71,韩云云,71
71,王海祥,71
50,王萌,71
71,李进荣,71
71,张笑君,71
71,孙蔚,71
71,郭云齐,71
71,白瑜,71
71,周子涵,71
71,刘慧,71
71,艾晓琪,71
71,韩野,71
71,周毅,71
71,唐瑞宏,71
14,窦智孔,72
72,方川,72
30,谭松韵,72
72,吴岚,72
72,李安,72
72,张艳,72
72,刘佳媛,72
72,宋伟,72
72,曹艳,72
72,王桂峰,72
72,李斯琦,72
50,吴卫东,72
30,矢野浩二,72
39,白玛芳,72
72,刘文静,72
72,俞瞳,72
23,林韦君,72
72,常方源,72
72,蒋典,72
72,黄爱玲,72
5,吴玟萱,72
72,于慧光,72
72,王雪洋,72
72,蓝天,72
72,金晶,72
72,妮子,72
72,欧阳培龙,72
72,李h,72
72,孙仲加,72
52,唐籽静,72
72,刘骐,72
50,张静静,72
72,雷环,72
72,艾俊龙,72
38,秦子涵,72
72,谢其均,72
72,刘超,72
72,王风,72
72,魏炳桦,72
73,孙懿圣,73
73,高捷,73
73,毕瀚文,73
31,姜峰,73
73,阴海龙,73
73,戴子,73
73,卢卓婕,73
73,黄俊鹏,73
73,王山水,73
73,娇娇,73
73,鲁文,73
14,郭雪芙,73
73,龚海铭,73
73,任建超,73
73,周依诺,73
73,赵兆,73
73,叶山豪,73
35,张赫津,73
73,朱永棠,73
73,乔涵,73
73,张哲人,73
73,雨凡,73
73,马昂,73
15,梁祖尧,73
15,上山安娜,73
73,王小溪,73
5,陈红,73
31,戴君竹,73
73,宛真,73
73,蔡曜力,73
73,孙一理,73
73,戴芸忆,73
73,李雨泽,73
21,傅湛杰,73
73,李竹,73
73,章雯淇,73
73,柯伯龙,73
73,吴冕,73
73,张帆,73
73,蒋冰,73
73,顾浩然,73
73,杨光,73
73,袁奇峰,73
73,马仑,73
14,常铖,73
73,彭心宜,73
74,童冰玉,74
74,邱士鉴,74
74,张永健,74
74,何欣,74
74,高高,74
74,戴佳佳,74
14,王悦,74
74,孙晓鹏,74
74,蒋依杉,74
74,张天柏,74
26,潘春春,74
74,杨奇鸣,74
39,高明,74
74,李封干,74
35,侯晓,74
46,廖伟,74
74,殷有粲,74
74,邓钢,74
74,邹廷威,74
14,梁小冰,74
74,张子君,74
74,郭晓明,74
74,雷汉,74
74,李中天,74
74,黄瀛漩,74
74,高昌昊,74
74,冯海煜,74
14,洪都拉斯,74
74,赵志瑶,74
74,王璐,74
74,龚思乐,74
32,刘梓娇,74
74,张姝,74
74,钟黎黎,74
14,何佩瑜,74
74,赵越,74
74,李东翰,74
49,霍蓉儿,74
74,胡杨林,74
74,方晓鸽,74
74,伊力奇,74
25,伍慧珊,74
5,关之琳,74
74,赵魏,74
75,顾璇,75
75,张仟,75
14,周冬齐,75
75,徐钰涵,75
23,连静雯,75
75,陈雅伦,75
75,牛丽燕,75
75,张峻鸣,75
75,潘安峻,75
75,钟林,75
75,刘倬廷,75
75,汤晶媚,75
75,李虹辰,75
75,曹征,75
75,王芳政,75
75,刘曼仪,75
75,吴沛恒,75
75,张春年,75
75,马小益,75
75,卢茜,75
8,赵希洛,75
75,朱义,75
75,朱玟,75
75,刘E,75
75,吴昱翰,75
75,陈莹,75
75,刘腾远,75
21,麦子乐,75
75,宁宁,75
35,梁振伦,75
75,武思羽,75
75,张梓宸,75
21,宝佩如,75
75,陈炜,75
25,林建明,75
14,林萍,75
49,楼云飞,75
75,杜源,75
8,妮娜杜波夫,75
23,狄志杰,75
75,刘子天,75
30,贾一平,75
75,岳超,75
8,汪卉,75
75,闫庆元,75
75,吕平滢,75
75,张芷溪,75
60,林利霏,75
75,赵麒,75
75,徐雷智,75
75,邵砚斌,75
75,童彤,75
76,李佳乐,76
76,洪一平,76
76,小叮咚,76
23,胡彩虹,76
14,孟丽,76
76,林熙越,76
76,辛新,76
60,李芳雯,76
76,刘超,76
23,林智贤,76
76,荆希西,76
76,曲栅栅,76
76,王璐瑶,76
76,胡家华,76
76,薇翎,76
76,康福震,76
50,管梓净,76
46,王强,76
76,于新博,76
76,刘一诺,76
76,马恺曼,76
76,欧倩如,76
76,张启军,76
76,代超,76
76,张清,76
76,刘芊含,76
14,欧阳妙芝,76
34,陆子艺,76
35,曹玻,76
76,乌日根,76
19,贾邱,76
78,宁理,76
76,丁志勇,76
35,李智楠,76
76,侯懿洋,76
76,肖阳,76
76,何丰,76
76,于歆h,76
76,许艺千,76
76,郭冬冬,76
76,杜薇,76
77,李明},77
77,晶汤汤,77
77,王小毅,77
77,陈哈妮,77
77,杨钧丞,77
77,傅大勇,77
77,张岩,77
77,姜少华,77
14,茅子俊,77
77,李飞,77
77,史力嘉,77
77,顾佳,77
77,杨菲妮,77
77,袁愿,77
77,胡薇薇,77
77,胡海峰,77
77,张硕,77
14,陈楚河,77
77,班京辉,77
30,张晗,77
77,王蕊,77
77,苏航,77
31,彭丹,77
77,张函宁,77
77,张京,77
50,彭梓桁,77
77,韩帅,77
25,黄子菲,77
77,张宁益,77
77,王霄艺,77
77,洪洋,77
32,王李丹妮,77
77,杨冰,77
77,肖旭,77
77,董维嘉,77
27,肖剑,77
77,马澜菲,77
77,王春成,77
8,郭鑫,77
77,石小群,77
77,金丰,77
77,王碧儿,77
77,王羽铮,77
77,赵凯,77
77,张丛晓,77
77,何美钿,77
77,陈晓雪,77
77,兰昊宇,77
25,李明宪,77
77,朴熙植,77
77,牛骏峰,77
46,赵芮,77
77,王誉璇,77
77,李炳雷,77
78,唐菱,78
78,徐元博,78
78,段炼,78
78,刘栩斌,78
38,朱伟珊,78
78,巩峥,78
50,魏玮,78
78,周挺超,78
17,马思纯,78
23,董玉峰,78
78,刘莉莉,78
3,黄依依,78
78,刘灿,78
78,单麒汶青,78
78,李咨墨,78
52,戚珍琪,78
78,李又麟,78
14,徐锦江,78
78,张二丹,78
78,陈曦,78
16,卢正雨,78
78,郭亮,78
78,秦焰,78
78,倪甄,78
8,冼灏英,78
78,张心瑶,78
78,刘潇潇,78
78,朱旭,78
78,冯丹滢,78
14,李启杰,78
78,田雨晴,78
78,高飞,78
78,李虎城,78
78,吕行,78
78,赵千紫,78
78,淳于珊珊,78
78,楚轶男,78
78,陈佳,78
78,普超英,78
78,郑敏,78
78,薛薇,78
14,王柏杰,78
78,曹蓬,78
78,童唯佳,78
78,赵晖,78
14,徐娇,78
78,李田野,78
78,荷花,78
78,郭晓峰,78
32,蒋林静,78
78,孟甜,78
78,温阳,78
30,朱刚日尧,78
79,李奕娴,79
79,姚奕辰,79
42,王雅捷,79
79,李彦明,79
79,刘典,79
79,李小宝,79
79,林津锋,79
79,高健,79
30,于滨,79
79,周昕妤,79
14,温碧霞,79
79,周翔,79
79,王艺,79
79,葛畅,79
79,江曙斐,79
49,杨婷,79
79,王巍,79
79,李柄辉,79
8,罗钧满,79
79,徐杉,79
79,倪土,79
79,朱哲漪,79
79,解磊,79
79,李东艾,79
79,金韩一,79
79,朱席帅华,79
79,刘晓锦,79
17,郭晓婷,79
79,秦浩,79
79,安德烈-拉泽夫,79
79,隋咏良,79
79,田重,79
79,孙熙,79
79,苏小玎,79
23,李立,79
79,胡希凡,79
79,吴楚,79
79,马妍婷,79
79,侯凯文,79
79,刘南希,79
79,刘洋,79
79,杨雪,79
79,田晴天,79
79,纪宁,79
80,李淼,80
50,于咏琳,80
80,王昱淇,80
80,峻石,80
80,赵蕾,80
8,吴千语,80
80,于嘉萌,80
80,丁文博,80
80,洛葳,80
17,汤俊明,80
80,王蔚,80
80,郑歌,80
80,蒲冰墨,80
80,周博文,80
31,陈洁,80
78,赵海涛,80
17,周晓涵,80
80,沈佳凝,80
80,李丹妮,80
80,马凡力,80
80,李滢瑶,80
80,刘凡菲,80
80,王宏宇,80
80,沈陶然,80
80,夏天,80
80,金亮,80
80,谢祖武,80
80,高一童,80
30,田海蓉,80
81,彭梓洋,81
81,谢紫彬,81
81,董海龙,81
81,王卓,81
81,郝洛钒,81
33,郭旺,81
81,陈俊亨,81
81,刘俊哲,81
81,杜晓宇,81
81,崔ゾ,81
14,子夜,81
81,刘芷汐,81
81,古小筝,81
81,陈蓉,81
81,夏衔,81
81,段卫平,81
11,李霖恩,81
81,杨亚星,81
81,唐小然,81
81,高海博,81
39,王华,81
81,王雅伦,81
81,姜鸿,81
14,陈庭妮,81
81,孙亦沐,81
8,胡诺言,81
81,叶文慧,81
49,徐光宇,81
7,周恒乐,81
81,蒋方婷,81
19,姜戴维,81
21,陈少邦,81
81,李羲儿,81
81,王峥,81
81,刘钇彤,81
14,冯嘉怡,81
81,甄锡,81
81,童一丹,81
23,周泓,81
14,朱时茂,81
81,张书语,81
81,柏智杰,81
30,刘炫锐,81
81,秦旋,81
14,张卓楠,82
50,奚望,82
50,王程,82
82,王若曦,82
82,王欢,82
82,许娣,82
82,董小康,82
82,孟令姣,82
82,杨昊坤,82
14,杨鸿俊,82
82,宣璐,82
14,侯天来,82
82,齐如意,82
82,焦刚,82
50,任铭松,82
82,葛玟希,82
82,许娇宁,82
50,梅妮莎,82
82,董慧,82
82,宋庆,82
31,洪天照,82
82,陈烨,82
82,孟茜,82
82,何琢言,82
82,齐芳,82
11,林美秀,82
82,桑阔然,82
11,周汤豪,82
82,陈楚翰,82
82,曹凯,82
82,徐子淳,82
82,白静,82
82,刘妍汐,82
82,海燕,82
15,商天娥,82
82,范逸臣,82
82,刘芳毓,82
52,葛天,83
83,张鑫,83
83,陈伟栋,83
83,阿斯如,83
35,徐白晓,83
83,吉吉,83
57,华娇,83
83,杨梅,83
83,邢宇菲,83
83,曾曾,83
23,谷德昭,83
83,富俊峰,83
15,车婉婉,83
83,葛四,83
83,董彦麟,83
83,李彦希,83
83,赵仕瑾,83
83,包美美,83
83,侯煜,83
83,吴建飞,83
83,郝率,83
83,杨证桦,83
83,王磊,83
83,李岱昆,83
83,张岩,83
83,赵明莉,83
83,褚栓忠,83
83,江水,83
83,乐珈彤,83
83,吴孟达,83
5,沈玉琳,83
17,麦景婷,83
83,樊尚宏,83
84,李欣,84
84,宁丹琳,84
84,朱宏嘉,84
84,张玉洁,84
84,孟真,84
84,寇博,84
84,刘滢,84
84,白柳汐,84
84,王婉晨,84
84,张希,84
84,余皑磊,84
84,贾蕊,84
84,徐鸥仪,84
84,阎汶宣,84
14,朱孝天,84
84,杜十五,84
8,朱凯婷,84
84,张子文,84
84,童苡萱,84
14,陈,84
84,夏望,84
84,刘妍希,84
84,张恪维,84
84,刘卓灵,84
27,李铭顺,84
84,王子轩,84
14,路嘉怡,84
84,潘禹彤,84
84,吴迪,84
84,耿圣凯,84
84,李浩修,84
84,赵志刚,84
84,李嘉诺,84
84,乔红,84
84,陈佳佳,84
84,李莎,84
84,马丹旎,84
84,李肖宁,84
84,孙逊,84
84,蔡文静,84
84,李文启,84
84,唐夏娃,84
84,厉娜,84
84,王诗蒙,84
85,宿宇杰,85
21,魏a皓,85
85,余h,85
27,王瞳,85
85,于金圣,85
85,芳翎,85
85,李立北,85
50,张潇,85
85,李W艺,85
85,刘科楠,85
49,王成思,85
85,胡睿,85
85,肖明玉,85
85,张亮,85
23,江语晨,85
85,陈虎,85
85,温桂钰,85
85,刘星阳,85
85,崔月,85
85,陈昊,85
85,王雷方,85
26,李思蓓,85
85,吴刚,85
85,任容萱,85
85,刘天尧,85
57,姜雯,85
85,白雪,85
85,赵擎,85
85,杨婧琳,85
85,陶慧娜,85
50,陈懿,85
85,周耕毅,85
85,何伟豪,85
85,马强,85
85,曲哲明,85
85,邵敏,85
85,程b,85
30,德柏桑,85
85,周帅的,85
85,邰勇峰,85
85,周玲安,85
14,雨侨,85
85,吴诗君,85
35,李方丁,85
85,修睿,85
85,徐婧灵,85
23,陈怡蓉,85
8,姚嘉妮,85
85,夏子涵,85
85,张立威,85
85,满意,85
85,张兰,85
85,张文卓,85
85,王萌黎,85
32,杨h,85
39,高发,86
31,蒋小涵,86
14,吕诗怡,86
86,司一蕾,86
8,刘俐,86
86,耿一正,86
86,张子晨,86
86,黄冠菘,86
86,蔡飞雨,86
86,刘晓靓,86
86,陈菲,86
86,丁勇岱,86
57,何雨檬,86
86,王楚,86
8,姜宏波,86
86,潘时七,86
5,刘容嘉,86
86,郑诺,86
86,张D,86
5,蓝正龙,86
86,王晶,86
52,白卉子,86
3,李光洙,86
23,伍允龙,86
5,黎明,86
50,王妍心,86
86,黄才伦,86
86,邬倩倩,86
86,赵越,86
86,穆麒同,86
87,王鹏凯,87
87,傅艺伟,87
27,廖家仪,87
31,王佳佳,87
87,徐超,87
87,王冠男,87
87,江柯,87
87,刘子玉,87
87,王正佳,87
87,张经伟,87
87,刘端端,87
87,杨舒枫,87
30,许飞,87
87,及晓龙,87
87,李思欣,87
57,张溪和,87
87,宋淼,87
87,李成昌,87
87,男赵冉,87
87,姚金飞,87
50,孟浩强,87
87,曹操,87
87,张达伦,87
87,刘昊岩,87
87,周维克,87
87,宋雨霏,87
35,高宇,87
87,彭婧,87
87,郑伟,87
52,郭子千,87
87,王岚,87
31,冼色丽,87
87,刘波,87
87,刘晓彤,87
87,崔奕,87
87,韩烨,87
87,胡溧桐,87
25,郭政鸿,87
87,孙艺菲,87
49,张凯璇,87
88,颜北,88
88,徐程,88
49,岳秀清,88
88,孔琳,88
88,张沛然,88
88,殷有霆,88
88,唐妤萌,88
88,沈天,88
46,翟星月,88
88,栗思涵,88
88,唐菀,88
88,董祺,88
88,宋珂欣,88
88,姚扩,88
88,张钰迪,88
88,柴浩,88
88,秦亦铭,88
50,孙宁,88
32,马赫遥,88
88,张天霖,88
88,关琪莹,88
8,夏文晴,88
88,王全有,88
88,吕聿来,88
88,许超,88
88,张绮烟,88
88,纪帅,88
88,黄梦莹,88
88,赵会南,88
88,皓恬,88
88,张承阳,88
14,凤小岳,88
30,张可,88
88,乔若熙,88
88,王争,88
14,龚蓓,88
11,张克帆,88
88,王璇,88
30,张铁鹤,88
89,铁政,89
89,邱东江,89
89,刘朔,89
89,刘超,89
89,古铭瀚,89
43,刘子菲,89
60,王俐人,89
89,张楚楚,89
89,吴鑫桐,89
89,田宇鹏,89
89,司琨,89
50,刘怡,89
89,任东霖,89
89,寒青,89
8,郑融,89
89,游悠,89
89,李泰,89
89,王宇,89
89,博隆,89
89,张鲁一,89
89,张磊,89
89,贾宗超,89
89,姬晨牧,89
89,崔永炫,89
89,邵翊恒,89
89,梁又琳,89
89,王博谷,89
70,佟蒙,89
89,姚文婷,89
89,阚宇,89
8,简慕华,89
89,赵珈琪,89
89,李美旋,89
89,张磊,89
89,杜宸缘,89
89,于非,89
89,陈丽娜,89
89,刘一江,89
89,周德华,89
89,杨净如,89
89,曹舟,89
25,谢佳见,90
90,金盛宇,90
90,周惠林,90
90,郭振迦,90
8,张兆志,90
90,阚D泷,90
5,徐小可,90
90,闫书平,90
57,吴毅将,90
49,王宁,90
14,田岷,90
50,王虹博,90
90,姜小刚,90
90,王瑞子,90
90,代旭,90
25,王以路,90
8,金宇彬,90
90,张译文,90
90,胡先煦,90
90,张珂,90
90,谈莉娜,90
90,梅年佳,90
90,曹丞,90
90,时男,90
90,杨卿,90
14,陈爽,90
90,咪佳,90
90,于承熙,90
90,徐悦,90
90,宋雪菲,90
90,房程程,90
90,雷泽伟,90
90,邵桐,90
50,晨梓妍,90
90,郭秋成,90
90,张粟,90
90,于清斌,90
90,杨梓墨,90
52,罗泳娴,91
91,洪雁,91
91,张传鹏,91
91,胡K龙,91
26,陈荣峻,91
91,张志伟,91
91,翟文斌,91
91,苏航,91
91,付聪,91
91,刘冬,91
91,郭洪波,91
91,于艺旋,91
91,王思,91
91,刚毅,91
91,林沐然,91
91,唐艺纯,91
91,程莉莎,91
91,朱璇,91
91,苏小刚,91
8,余安安,91
91,陈小妹,91
91,刘策,91
78,袁野,91
91,吴绮嘉,91
91,梁丽,91
91,吴恩璇,91
91,王千赫,91
91,高郡伟,91
91,许峰,91
91,付曼,91
91,许薇,91
91,崔煜林,91
8,马赛,91
91,任柯诺,91
91,李爽,91
91,王今心,91
91,崔钟,91
91,陈琪琪,91
91,丁秋U,91
50,陈昊明,92
92,王亚斌,92
92,李佳璇,92
92,赵丹,92
92,侯梦莎,92
92,马小宁,92
92,高浩文,92
92,江佳奇,92
92,宋楚炎,92
92,王超,92
32,央吉玛,92
92,曹苑,92
92,李铁,92
24,恬妞,92
92,李永林,92
92,王丽涵,92
92,范艳,92
32,张子栋,92
25,袁婷婷,92
19,王珏,92
92,朱泳腾,92
92,白微,92
92,董稚,92
92,汪裴,92
92,阮德锵,92
14,关婷娜,93
93,成泰,93
93,张一鸣,93
93,张大奕,93
93,张炜迅,93
93,节冰,93
14,张纹嘉,93
93,巫迪文,93
93,于小磊,93
49,李笑优,93
93,姚鑫,93
93,周诗琪,93
93,何欢,93
93,袁心冉,93
93,魏辰妃,93
93,王放,93
15,向海岚,93
13,蒋勤勤,93
93,唐治平,93
93,洪乙心,93
93,李少亭,93
93,汤怡,93
93,吴健,93
93,闫鹿杨,93
93,陈西贝,93
93,杨斯,93
93,张剑锋,93
93,周逵,93
93,王龙华,93
94,卓凡,94
70,宋佳洋,94
94,蔡俊霆,94
94,蔡齐,94
94,杨千霈,94
8,梁汉文,94
94,牟紫,94
94,李功常,94
94,林湘萍,94
94,姚卓君,94
94,何建泽,94
94,王睿,94
94,鲁振顺,94
94,孙一明,94
94,范春霞,94
94,李北岳,94
94,李艳,94
94,田子琳,94
94,丁嘉蓝,94
94,吴岱融,94
94,季肖冰,94
94,李瑞雪,94
11,钟欣凌,94
94,舒禾,94
39,罗海琼,94
94,章申,94
94,夏嘉鸿,94
94,缪婷茹,94
94,程诚,94
94,余铭轩,94
94,崔鹏,94
94,秦震,94
94,李菁菁,94
94,杨名,94
94,孙德元,94
30,张晓敏,94
94,李彬彬,94
63,赵梓冲,95
25,陈德烈,95
95,屈h,95
95,邓捷,95
95,肖涵,95
8,崔林,95
95,向甜,95
95,李锦飞,95
95,王小梓,95
8,叶翠翠,95
95,刘思彤,95
95,郭涛,95
95,林晓凡,95
95,赵磊,95
29,包伟铭,95
95,刘雨鑫,95
95,康恩赫,95
95,张译文,95
95,高皓正,95
95,杨诚诚,95
95,房鹿,95
95,张雅萌,95
95,曹然然,95
95,傅明宪,95
95,李蓓蕾,95
96,王双琥,96
96,徐筠,96
96,张胤哲,96
124,江欣燕,96
96,桑平,96
96,杜语庭,96
7,黄镫辉,96
96,国歌,96
96,屠育玮,96
15,罗嘉良,96
96,秦雪,96
96,王黎雯,96
96,卢倩文,96
96,金珈,96
96,方旭,96
96,马睿,96
96,朱杰,96
96,薛飞,96
96,奇道,96
96,孙雅,96
96,马亮,96
25,高山峰,96
96,余娅,96
96,林秀怡,96
96,刘涛,96
96,吴连生,96
96,魏子昕,96
96,王浩丞,96
5,柯佳,96
96,田苗苗,96
50,刘学义,96
96,李红陶,96
96,袁新,96
97,王贵永,97
97,肖轶,97
97,彭博,97
97,刘辉,97
97,王大奇,97
97,李雯雯,97
97,曹力尹,97
46,杨若兮,97
97,刘耿维,97
97,任东远,97
25,郭彦甫,97
97,李昕岳,97
97,刘希媛,97
39,杨童舒,97
57,黄恺杰,97
23,张蓝心,97
97,郭家豪,97
97,魏智,97
97,孙琳琳,97
97,洪连城,97
97,阎子滔,97
97,铢帝,97
42,何静,97
97,潘彦妃,97
49,潘沙泉,97
43,柴蔚,97
97,邵路雅,97
97,赫子铭,97
31,干露露,97
23,李欣汝,98
98,王嘉,98
52,王宇泽,98
36,杨W,98
30,陈勋奇,98
98,崔扬,98
98,赵楚仑,98
98,杨子骅,98
49,夏沫,98
98,孙岚,98
98,蒋春亮,98
98,魏晴,98
8,刘青云,98
50,黄杨,98
98,高川,98
98,刘晓洁,98
98,徐冬冬,98
98,许亚军,98
98,刘金,98
98,邹俊百,98
98,卢艺,98
49,徐铭悦,98
98,张超,98
49,王千航,98
99,田璐菡,99
99,裘斯,99
99,田臻,99
15,陈嘉桓,99
99,刘孟,99
99,李依伊,99
99,陆昱霖,99
99,张天阳,99
37,王唯,99
99,王政,99
99,江琳琳,99
23,徐紫东,99
99,郭露文,99
99,李卓尼,99
99,于谷鸣,99
99,冯文娟,99
99,李凤绪,99
99,刘敏涛,99
99,贺彬,99
99,林静,99
100,张立昕,100
100,李柚,100
100,郭亚莎,100
100,于又川,100
100,潘晓锋,100
100,陈恒,100
100,王虞粤,100
100,练束梅,100
100,车缙,100
100,李佳,100
100,张潇恒,100
100,王红,100
100,尹馨梓,100
100,爱新觉罗启星,100
100,王永超,100
100,李昶,100
100,张熙媛,100
50,林奕,100
100,李佑安,100
100,马境,100
100,王九胜,100
100,茹萍,100
100,方柏霓,100
100,高仁,100
100,薛佳雯,100
100,张宝雯,100
100,高子沣,100
100,朱一龙,100
100,陆纪依,100
100,马晓静,100
32,汤镇业,100
23,李佩甄,100
100,王佳音,100
100,张羽,100
101,马景涛,101
101,邱晔,101
101,吕红旭,101
101,雷牧,101
101,胡思绮,101
101,马寅,101
101,翟小光,101
101,于越,101
101,宋建霖,101
101,邓紫飞,101
101,陈润熙,101
101,曹续秋,101
101,王泫伊,101
101,王子建,101
49,储小蕾,101
19,罗霖,101
101,李艺科,101
13,林依轮,101
50,那钢,101
101,袁晓旭,101
101,夏德俊,101
101,武潇,101
101,何伟业,101
101,蒋毅,101
14,黄志忠,101
101,张凌烽,101
101,穆丹,101
101,杨奕佳,101
102,艾伦,102
102,洪卫,102
102,王琦,102
102,丁溪鹤,102
102,曹馨月,102
102,王若伊,102
102,迟婉,102
102,桐溪,102
102,马丽,102
102,张培,102
102,侯姝,102
102,王子睿,102
11,张榕容,102
102,肖茵,102
102,彭杨,102
102,徐以若,102
8,薛家燕,102
25,李千娜,102
17,卫诗雅,102
102,周蕾,102
102,王骏毅,102
102,吴承轩,102
102,毛毅,102
31,赵海燕,102
102,刘姝安,102
102,彭冠英,102
102,肖宗灵,102
102,范舒然,102
102,郭柯彤,102
3,欧阳靖,102
14,张文慈,102
103,刘家琪,103
103,祁映诺,103
26,戴耀明,103
50,章涛,103
103,李宣,103
103,黄妮娜,103
103,卢星宇,103
103,王中义,103
39,何家劲,103
103,肖莹,103
103,杨婕,103
103,王,103
103,黄子熙,103
103,张伊,103
103,李政霖,103
103,郭萱,103
103,王婉娟,103
103,艾东,103
103,范雨林,103
15,关礼杰,103
103,付瑶,103
103,闻洋,103
14,詹子晴,103
103,龚丽君,103
104,三浦研一,104
104,李媛,104
104,张艺霖,104
104,杜雨宸,104
104,姜彤,104
104,杨晶,104
104,王梓桐,104
104,姜皓严,104
104,国永振,104
104,郭彤彤,104
104,洛桑念扎,104
104,陶泽如,104
39,邢岷山,104
104,付然,104
25,黄志玮,104
14,尤勇,104
104,张殿伦,104
104,谢闻轩,104
104,朱来成,104
104,郑清文,104
104,秦枫,104
63,马晓倩,104
105,戴琪华,105
105,尹正,105
105,王稣连,105
105,张子倩,105
105,庹宗华,105
57,陈奕,105
105,程怡,105
105,唐旭,105
105,盘峥琪格,105
105,赵蕙梓,105
105,王戎,105
105,高若芯,105
105,柳珊,105
105,赵天阳,105
105,杨D,105
105,周毅,105
105,张晔子,105
105,冉旭,105
105,郭祥鹏,105
14,朱璇,105
105,葛佳佳,105
105,曹骏,105
105,赵秋生,105
105,王绘春,105
105,李斯宁,105
49,张陆,105
25,曾国祥,105
105,梁椰雯,105
49,何达,105
106,聂子轩,106
106,杨曜,106
106,刘亭作,106
106,司源,106
106,杨洋,106
16,阿帕尔江,106
23,胡小祯,106
106,蒙璐,106
106,陈莉,106
106,彭国斌,106
39,张璐,106
106,杨紫彤,106
106,丁汇宇,106
106,严俊里,106
106,谢昀杉,106
106,肖聪,106
106,张o铖,106
106,那家威,106
106,马向阳,106
106,徐晟,106
106,吴静,106
106,肖肖,106
106,张沙沙,106
106,许还幻,106
106,高华云,106
106,陈思斯,106
106,钟凯,106
106,万美汐,106
106,李子雄,106
106,李易霖,106
106,杨凯淳,106
14,耿乐,106
106,张瀚霖,106
107,鲍大志,107
107,张茹,107
107,郭鹏,107
107,杨明娜,107
107,段卿卿,107
25,刘玉翠,107
107,罗熙,107
107,柴鸥,107
107,阿斯茹,107
42,齐冀,107
107,宋小莹,107
107,郝洋,107
107,朱亚英,107
107,周英男,107
107,杨亚,107
107,孙亚男,107
107,姜帆,107
107,杨树,107
8,梁嘉琪,107
14,柯有伦,107
14,白云,107
107,华峰,107
107,尚大庆,107
107,郝柏杰,107
107,吴志雄,107
107,国庆,107
107,陆玲,107
107,李彬强,107
108,单舒仪,108
108,刘海蓝,108
108,张恒,108
108,齐俊盛,108
108,沈畅,108
108,武文佳,108
108,张龄心,108
108,于波,108
108,王大安,108
8,何傲儿,108
108,李宣昂,108
108,峻兆,108
108,胡琨,108
108,胶卷控,108
108,陈廷嘉,108
108,王柯达,108
17,扎西顿珠,108
108,张津赫,108
49,周波,108
109,朱婷,109
109,张梓烈,109
109,张佳莹,109
109,林爽,109
60,林佑威,109
109,邵思涵,109
109,尹键,109
109,李东恒,109
109,罗韧,109
109,巨满意,109
109,王也农,109
109,刘亚鹏,109
109,张煜枫,109
109,王予鑫,109
110,孙丹梓,110
110,黄品沅,110
110,戈彬,110
110,樊昊仑,110
110,王宣予,110
54,王君平,110
110,王俊彭,110
110,王澜,110
110,袁晶,110
110,李艳秋,110
14,梁赫群,110
110,孙鹏滨,110
110,陆诗韵,110
110,郑萍,110
8,罗仲谦,110
13,宋之光,110
110,杨蕊,110
110,晋松,110
110,牟星,110
110,丁圣,110
111,胡蝶,111
111,王大治,111
111,陆凯,111
111,姜冰洁,111
111,张琰,111
111,张昊翔,111
111,陈姝,111
111,韦家雄,111
111,韩青,111
111,李浩轩,111
111,冯璧晴,111
111,李真奇,111
111,徐卫,111
111,翁航融,111
14,王思佳,111
111,程东,111
30,田娃,111
111,王同辉,111
111,李易函,111
111,肖雨雨,111
112,许绍雄,112
112,屈菁菁,112
112,邓健泓,112
112,沈建宏,112
112,馨子,112
112,菁玮,112
112,林鹏,112
112,赵伊,112
112,花O,112
112,杨轶,112
112,方子春,112
112,赵悦童,112
112,曾黎,112
14,马国毕,112
113,嘉男海林,113
113,顾海,113
113,张译木,113
113,王鸥,113
113,金泽灏,113
113,戴笑盈,113
113,胡东,113
113,黄实,113
113,雷雷,113
113,王伟,113
39,张茜,113
113,邓天晴,113
113,李舜,113
113,邢瀚卿,113
113,吴俊余,113
113,刘一,113
113,王浩燃,113
78,闻小炜,113
113,徐玉兰,113
113,汪h,113
113,许榕真,113
113,关宇,113
30,胡亚捷,113
113,崔心心,113
114,邢馨元,114
35,温心,114
114,王志轩,114
114,牟湘盈,114
114,白恩,114
114,胡宇威,114
114,吴静,114
70,石玉心,114
114,波儿,114
50,孙涛,114
22,曾恺t,114
114,戚迹,114
114,许小行,114
114,张念骅,114
114,李妍锡,114
114,田野,114
114,李秋仪,114
114,肖咏佳,114
114,杨雨婷,114
114,周正义,114
8,欧倩怡,114
115,罗诠浩,115
115,赵晋,115
115,贾景晖,115
115,刘佳佳,115
115,朱晓华,115
115,刘彦君,115
115,杨婷婷,115
115,贡米,115
115,康馥麟,115
115,秦俊杰,115
115,华少翌,115
115,胡洋,115
115,张云龙,115
115,徐菁遥,115
115,张弋野,115
115,金珊,115
115,刘筱筱,115
115,芮伟航,115
115,张志宏,115
115,翟煦飞,115
115,赵煊,115
31,孙菲菲,115
115,刘瑷华,115
116,聂玫,116
116,刘峰超,116
116,端木崇慧,116
116,史梵希,116
116,马樱侨,116
116,高叶,116
116,吴迪,116
116,鲁文杰,116
116,斌子,116
116,赵睿哲,116
116,罗天池,116
116,陶珞依,116
116,郑罗茜,116
116,艾威,116
30,史可,116
116,樊响天闻,116
116,张娜,116
116,李丽虹,116
116,崔斌,116
116,衣珊,116
117,宋雷涛,117
117,章龄之,117
117,钟舒漫,117
117,曾虹畅,117
117,陈晓轩,117
117,高鑫,117
117,龙月,117
117,于小彤,117
117,彭纪国,117
117,方小月,117
117,赵强,117
117,周云深,117
117,刘丰源,117
117,刘立伟,117
117,鄂博,117
117,文梦洋,117
117,陈山聪,117
3,周渝民,117
117,张儿,117
118,王大宇,118
118,王仁君,118
118,那笛,118
118,黄飞,118
118,田征,118
118,李三,118
118,秦戈,118
118,高婷,118
60,小炳,118
118,陈一诺,118
118,姜润楠,118
118,李梦瑶,118
118,陈野,118
118,张磊,118
118,边原,118
118,傅淼,118
118,林好,118
118,东靖川,118
118,刘迪妮,118
118,王一然,118
118,缪俊杰,118
118,庄庆宁,118
118,关雪盈,118
35,张哲瀚,118
119,岳D,119
119,张本渝,119
119,高伟光,119
119,余心恬,119
22,童秀娟,119
39,爱戴,119
119,马维福,119
8,高海宁,119
119,周觅,119
67,许承先,119
119,潘元甲,119
119,王斌,119
119,许瑶璇,119
119,王倩一,119
78,畲南南,119
119,彭静,119
14,邓梓峰,119
119,张咏棋,119
5,韩彩英,119
119,娄淇,119
119,王珂,119
119,陈昭荣,119
120,吴谨言,120
120,管羽,120
26,周海媚,120
120,王晓庆,120
120,习雪,120
17,李承炫,120
120,杨地,120
120,宋佳伦,120
120,梁晶晶,120
120,马驰,120
120,刘欣,120
120,黄又南,120
120,郝峰,120
120,李程,120
120,王奕盛,120
120,姜震昊,120
121,宋运成,121
121,王新宇,121
121,黄千格,121
121,何昊阳,121
17,朱珠,121
121,郑世豪,121
23,沈春阳,121
121,王建福,121
121,刘娜萍,121
121,杨懿小蛋,121
121,吕一丁,121
121,聂鑫,121
121,甘露,121
121,李洪涛,121
121,魏小军,121
121,林淑敏,121
121,徐僧,121
122,刘洁,122
122,姚乐怡,122
19,江疏影,122
122,包雪松,122
122,滕旋,122
122,黄白露,122
122,史长青,122
122,姜瑞佳,122
122,胡明,122
122,吴浩康,122
122,何彦霓,122
52,孟阿赛,122
122,屈中恒,122
122,汪亚朝,122
63,李亭哲,122
122,任泽巍,122
25,唐志中,122
122,张鹰,122
161,江烨帆,122
123,周放,123
123,周知,123
123,张小斐,123
123,陈威男,123
123,涂黎曼,123
14,何超仪,123
123,刘政,123
8,杜俊泽,123
49,王茜华,123
123,马青利,123
123,妮丹张,123
123,蒙亭宜,123
123,冉倩,123
123,那志东,123
123,杨晓丹,123
123,上海李颖,123
123,付雅雯,123
123,黄小戈,123
124,马灿灿,124
124,徐荣,124
124,菅韧姿,124
124,天池,124
124,吴启华,124
13,许玮宁,124
124,刘芳,124
124,史冰,124
124,张椿梓,124
124,韩兆,124
124,杨秀惠,124
124,朱慧敏,124
124,任晗晗,124
14,小钟,124
124,赵晶,124
49,岳丽娜,124
124,李麟,124
124,沈震轩,124
22,立威廉,124
124,李呈媛,124
125,陈秀丽,125
125,严昆,125
125,任正彬,125
125,邓宁,125
125,吴超,125
125,卢勇,125
125,果静林,125
125,李君懿,125
125,乔禹涵,125
125,李传缨,125
125,侯俊丞,125
125,倪虹洁,125
125,刘大为,125
125,张丹峰,125
126,张成晓勇,126
126,魏雪漫,126
126,杜宁林,126
126,朱晓辉,126
126,安悦溪,126
126,田雨,126
14,林永健,126
126,万沛鑫,126
126,武家辉,126
126,夏侯镔,126
126,于笑,126
126,李波儿,126
126,宋家腾,126
126,刘运强,126
14,谢婷婷,126
126,高搏,126
126,陈旭明,126
19,陈自瑶,126
126,李峥,126
126,于彦凯,126
126,陈文波,126
127,邵传勇,127
127,赵雷棋,127
127,黄湄媚,127
127,孙波,127
30,刘孜,127
127,杨潇,127
25,杨诗敏,127
127,杨静,127
127,李泓良,127
67,韩秀一,127
127,魏鹏,127
13,天心,127
127,魏翔,127
127,关凌,127
127,付磊,127
127,李君峰,127
127,洪冰瑶,127
127,陈木易,127
127,张雪迎,127
127,郎峰,127
127,刘洋影子,127
127,许明虎,127
128,侯京健,128
128,孙玮,128
128,尹航,128
128,唐以诺,128
128,曹磊,128
34,赵文u,128
128,王闯,128
128,周楚楚,128
128,李一冉,128
39,高昊,128
128,朱嘉镇,128
128,王茂蕾,128
128,张一鸾,128
128,鲁诺,128
31,曹曦文,128
14,刘小光,128
128,唐熙,128
128,郭晓晓,128
128,卫仑,128
128,王成戌,128
129,唐笑,129
129,张浩晨,129
129,王丹妮,129
16,傅颖,129
129,赵韩樱子,129
129,王萌悦,129
129,周显欣,129
50,徐洪浩,129
129,邹少官,129
129,吕梁,129
129,张含韵,129
129,黄河,129
129,梁艺馨,129
129,王小伟,129
129,娄宇健,129
129,赵锦焘,129
25,赵永洪,129
130,杨壹童,130
130,刘婧,130
130,张晋,130
130,于震,130
130,吴玉芳,130
130,刘威葳,130
25,马国贤,130
130,童蕾,130
8,黎姿,130
130,刘美含,130
130,郭常辉,130
130,岳跃利,130
130,魏子千,130
131,李木子,131
131,赵帅,131
131,张铎,131
131,张萌,131
131,赵圆瑗,131
131,李明珠,131
131,赵铁钢,131
131,周诗璇,131
131,武强,131
131,李印,131
131,陈启杰,131
131,张定涵,131
132,徐囡楠,132
132,孙磊,132
132,常媛,132
132,黄勐,132
132,谢苗,132
132,吕颂贤,132
132,褚峰,132
132,李天翔,132
132,杨了,132
133,韩雯雯,133
133,斯琴高丽,133
133,李纯,133
133,齐溪,133
133,郭羡妮,133
133,蒋璐霞,133
133,张伦硕,133
133,尤美,133
8,王浩信,133
133,朱研,133
133,杨明,133
134,黄文豪,134
31,金巧巧,134
134,张倩如,134
134,高姝瑶,134
134,王新,134
134,洪小铃,134
134,许圣楠,134
134,李华,134
134,安钧璨,134
134,王靖云,134
134,郑磊,134
134,黄澄澄,134
135,闫霖菲,135
135,黎诺懿,135
135,黎一萱,135
135,思漩,135
135,田蕤,135
135,刘庭羽,135
135,马可,135
135,于子芡,135
135,孟广美,135
135,袁成杰,135
135,李坤霖,135
135,刘国亮,135
136,韩恩贞,136
136,徐岑子,136
136,李悦溪,136
136,孔雁,136
136,康华,136
12,李思捷,136
42,毛宁,136
136,卫莱,136
67,宋忆宁,136
136,马岩,136
23,邱泽,136
136,文杰,136
25,赵奕欢,136
136,黎明明,136
136,冯玉玺,136
136,杨淇,136
136,傅迦,136
25,白吉胜,136
136,李净洋,136
136,刘雅瑟,136
136,张乃天,136
136,李鸣惊,136
136,张宛庭,136
136,胡桑,136
137,丁咛,137
137,王冠淇,137
137,金晨,137
137,赵浩廷,137
137,王海地,137
137,郭林,137
137,班嘉佳,137
137,李岷城,137
137,吕慧仪,137
137,吴珏瑾,137
138,张然,138
3,言承旭,138
39,贺坪,138
138,李诗韵,138
138,雷佳,138
138,王侃伟,138
138,郭品超,138
138,唐宁,138
138,朱晓鹏,138
138,刘岳,138
138,文静,138
138,常远,138
138,李翠翠,138
46,蔡维利,138
138,师春玲,138
139,曾一萱,139
139,陈祉希,139
139,潘阳,139
139,管乐,139
139,吕佳容,139
139,彭皓锋,139
139,邢佳栋,139
139,王宇婕,139
139,梁爱琪,139
139,杨紫茳,139
139,刘言语,139
5,许志安,139
139,徐玉琨,139
139,张汇仓,139
139,郝泽嘉,139
139,尹亮,139
14,卓韵芝,139
139,张晓晨,139
140,谢孟伟,140
140,彭敬慈,140
140,张若昀,140
140,王妍苏,140
140,王晓晨,140
140,王秋紫,140
140,周钦霖,140
140,冯雷,140
140,黄智雯,140
140,韩清,140
140,马诗红,140
141,李勤勤,141
23,张一山,141
14,张可颐,141
141,贾妮,141
141,姚莹莹,141
14,黄浩然,141
141,石天硕,141
141,马书良,141
141,曾培,141
141,梁冠华,141
141,齐千郡,141
14,羽泉,141
141,闫肃,141
141,佟悦,141
141,飞儿,141
50,郝云,141
141,陈筱诺,141
141,杨子奕,141
141,邓飞,141
87,袁伟豪,142
142,蒋可,142
142,沈丹萍,142
142,赵晨光,142
142,{冬平,142
142,孙宁芳,142
142,沈居辉,142
142,周小镔,142
52,张美妮,142
142,李,142
142,刘向京,142
142,钱璇,142
142,凯迪,142
8,李克勤,142
142,姚星竹,142
142,冯鹏,142
142,傅晶,142
142,叶新晨,142
142,罗治篇,142
14,车晓,142
8,毛舜筠,142
42,秦昊,143
143,种丹妮,143
8,曾华倩,143
143,季晨,143
143,乔乔,143
143,赖晓生,143
143,莫丹,143
143,黄娟,143
143,何中华,143
143,夏雨,143
143,宗平,143
143,张瑞涵,143
143,李佳芯,143
143,蒋林珊,143
143,王晴,143
144,沈涌,144
144,张嘉儿,144
144,闾汉彪,144
144,何B,144
144,吴卓翰,144
144,涂凌,144
144,赵学而,144
144,毕畅,144
144,刘萌萌,144
145,仇世有,145
145,王紫潼,145
145,方慧,145
145,陈颢文,145
145,徐婷,145
145,钟夫翔,145
31,贾晓晨,145
145,孙嘉,145
145,谢帅,145
145,白一弘,145
145,戴墨,145
145,刘小锋,145
145,胡小庭,145
145,王远健,145
145,李晓红,145
145,周牧茵,145
49,杨立新,145
146,傅程鹏,146
146,董晓光,146
146,包小柏,146
146,李明,146
146,肖艺,146
146,熊欣欣,146
146,银雪,146
146,张宇菲,146
146,郑晓东,146
146,李逸朗,146
8,敖嘉年,146
146,周笑莉,146
147,许凝,147
26,周家怡,147
147,徐艺丹,147
147,王希维,147
147,刘爽,147
147,李松珂,147
147,郭昊伦,147
147,刘名洋,147
147,张钟仪,147
147,王子,147
147,许敏,147
147,周杰,147
147,孙思瀚,147
147,张雯,147
148,杨叙辰,148
148,刘禹,148
17,唐宁,148
148,徐熙颜,148
148,周晓鸥,148
148,彭凌,148
31,王小山,148
148,徐箭,148
148,党涛,148
148,程媛媛,148
148,王彤羽,148
148,郭东文,148
31,六小龄童,148
148,张镓麟,148
148,米露,148
148,宋梓侨,148
31,陈彦妃,148
149,任希鸿,149
149,李昊冉,149
14,萧正楠,149
149,欧阳侠,149
149,阮伟旌,149
149,胡光子,149
50,杜江,149
149,王俪^,149
149,章馨心,149
149,宗晓军,149
149,范志博,149
149,曹艳艳,149
149,吴小娱,149
149,刘政绯,149
149,冯茗惊,149
150,邹兆龙,150
150,田子田,150
5,李心洁,150
150,曹璐,150
150,李嘉明,150
150,张辉,150
150,张少华,150
150,铁伟光,150
150,贺镪,150
14,龚嘉欣,150
150,王鹤鸣,150
150,蔡珩,150
150,台湾,150
150,陈彩璇,150
150,徐百卉,150
151,侯祥,151
151,羿坤,151
151,冷中易,151
151,徐昂,151
151,尹泽强,151
151,郭晓然,151
151,康磊,151
151,李绮雯,151
151,柳小海,151
151,任珈锐,151
151,陈保元,151
151,乐一蘅,151
151,张进,151
152,靳东,152
152,白庆琳,152
152,由立平,152
152,刘长德,152
152,龙一仪,152
13,崔始源,152
152,李依馨,152
152,易照博,152
152,马国健,152
152,赵毅,152
153,小张铎,153
26,陈芷菁,153
153,朱子岩,153
31,秋瓷炫,153
153,张璇,153
153,陈佳,153
153,董立范,153
153,崔龄燕,153
153,林夏薇,153
153,刘科,153
23,修杰楷,153
153,陈铂西,153
153,任素汐,153
21,张达明,153
31,高宝宝,153
153,高天,153
154,储智博,154
154,任笑霏,154
154,于洋,154
154,郑奇,154
154,李若嘉,154
154,滕文昊,154
154,李超,154
31,于和伟,154
154,苏茂洋,154
154,吕王青,154
38,王千源,154
154,王阳,154
154,贾延鹏,154
154,李晓枫,154
50,吉Z津,154
154,崔波,154
154,高珑珂,154
154,李世鹏,154
154,崔,154
15,查小欣,154
154,丁美婷,154
154,张旭,154
154,周征波,154
52,梁思浩,154
155,亓航,155
155,徐璐,155
155,陈美诗,155
155,陈燃,155
155,万妮恩,155
155,巩新亮,155
155,齐庆林,155
155,张竞达,155
155,郑则仕,155
156,姜雨晨,156
156,李博,156
156,耿懿,156
156,王斑,156
156,王凯,156
156,宁子,156
156,杨佳音,156
157,王宁,157
157,梁丹妮,157
157,田小洁,157
33,王小利,157
157,解灵远,157
157,辛柏青,157
157,关小悦,157
23,张庭,157
157,卢琳,157
157,许歌,157
157,王若心,157
157,霍泥芳,157
157,白雨,157
157,杨迪,157
14,黄小柔,157
157,蔡志恩,157
157,区宁,157
157,徐立,157
158,刘越,158
158,顾又铭,158
158,王之夏,158
158,郑心潼,158
158,曹克难,158
158,冯国强,158
158,焦恩俊,158
5,林熙蕾,158
158,杨梓莫,158
159,刘锡明,159
159,韩晓,159
159,张萌,159
159,殷叶子,159
159,赵柯,159
43,宁静,159
159,徐漫蔓,159
159,韩马里,159
159,潘婕,159
14,朱亚文,159
159,唐曾,159
159,陈建飞,159
160,李佳桐,160
160,高海诚,160
160,谢君豪,160
160,齐柏雪,160
160,曹颖,160
160,王力,160
160,蒲巴甲,160
14,张国立,160
160,姚子羚,160
160,商忆莎,160
160,邵峰,160
160,马湘宜,160
24,范文芳,161
161,汤盈盈,161
161,王开乐,161
14,杨采妮,161
161,袁乙心,161
161,来喜,161
161,翟曜,161
161,刘晟豪,161
161,张瑶,161
161,宋新妮,161
161,姜寒,161
161,左腾云,161
161,高晓菲,161
161,唐艺昕,161
161,陈茵,161
161,徐海乔,161
161,张勋杰,161
161,程皓枫,161
161,梁俊一,161
162,岳红,162
162,吴京安,162
162,谷智鑫,162
162,杨晨,162
162,陶帅,162
162,娄亚江,162
16,张考全,162
14,关,162
162,邱心志,162
162,林子善,162
162,齐怀,162
14,陈好,162
162,隋宗全,162
162,杨思琦,162
8,林保怡,162
162,曲高位,162
163,张彤,163
163,白茹,163
163,杨大鹏,163
23,李菲儿,163
163,王茜,163
163,孔维,163
163,马德钟,163
163,秦子越,163
163,李曼,163
163,陈卫,163
163,郭鑫,163
163,魏春光,163
163,王小虎,163
163,罗漩,163
164,瑛子,164
164,林子聪,164
164,张衣,164
164,彭波,164
164,王钧赫,164
164,冯|,164
164,斓曦,164
164,唐诗咏,164
164,杨佑宁,164
165,米雪,165
165,刘冠麟,165
165,李解,165
165,刘心悠,165
165,刘劲,165
165,杨洋,165
165,邬君梅,165
165,王冠,165
166,田丽,166
166,李颖嘉,166
166,巩小榕,166
166,刘桦,166
166,唐从圣,166
166,周帅,166
166,郝岩,166
166,尹l,166
166,纪永清,166
167,唐禹哲,167
14,孙海英,167
167,李欣聪,167
167,安志杰,167
167,颜丙燕,167
167,荆浩,167
167,张洪睿,167
167,丁子峻,167
167,姚东升,167
167,林郁智,167
167,沈傲君,167
167,杨冬,167
168,陈志朋,168
168,金铭,168
168,黄明,168
168,李昊臻,168
168,曹子辰,168
168,林雪,168
168,闵春晓,168
168,吴卓羲,168
168,王东方,168
168,高云翔,168
168,戚慧,168
168,罗敏庄,168
169,宋轶,169
169,战菁一,169
169,魏璐,169
169,柴碧云,169
169,任天野,169
169,翟天临,169
169,陶昕然,169
169,关少曾,169
169,小陶虹,169
169,任雨,169
169,李彩桦,169
169,邵兵,169
170,董晴儿,170
170,巍子,170
170,高川,170
170,陈明明,170
170,李金铭,170
170,徐正曦,170
14,赵正平,170
170,穆婷婷,170
171,小甜甜,171
171,石安妮,171
171,郑茜,171
171,刘恩佑,171
171,叶青,171
171,王阳明,171
171,缪艺豪,171
172,白金壬,172
172,蔡明,172
172,沈佳妮,172
172,贺军翔,172
172,姜潮,172
172,赵正阳,172
173,马以,173
173,文咏珊,173
173,陶红,173
173,胡静,173
173,李芯逸,173
173,朱敏,173
173,吕丽萍,173
173,刘淼淼,173
173,应俊,173
173,姜妍,173
174,刘欢哥,174
174,路晨,174
174,姜晓冲,174
174,袁文康,174
174,万弘杰,174
174,王学好,174
175,吴紫彤,175
175,刘帅良,175
175,白歆惠,175
175,陈法蓉,175
175,王洛勇,175
175,徐佳,175
176,袁泉,176
176,王昌娥,176
176,含笑,176
177,郭虹,177
177,向能,177
177,蔡君茹,177
177,刘滨,177
177,王志华,177
177,杨皓宇,177
178,李琳,178
178,苗驰,178
178,姬他,178
178,齐奎,178
178,李参天,178
179,铃木美妃,179
179,龚晓,179
179,李梅可,179
179,何音,179
5,宋承宪,179
179,舒耀u,179
179,薛佳凝,179
179,邵峰,179
179,王挺,179
180,吴刚,180
180,唐文龙,180
180,白红标,180
180,刘波,180
180,乔杉,180
180,张恩哲,180
180,潘霜霜,180
181,刘硕,181
181,江若琳,181
181,刘晓虎,181
181,张峻宁,181
181,王雨,181
181,李倩,181
5,张涵予,182
182,金世佳,182
182,傅天骄,182
182,万思维,182
182,王劲松,182
182,周家蔚,182
182,严丰,182
183,魏巍,183
183,林继东,183
183,金刚,183
183,张倬闻,183
183,张晨光,183
183,张迪,183
183,韩冰,183
183,付辛博,183
183,熊黛林,183
184,安泽豪,184
184,施大生,184
184,高锦,184
184,黄曼,184
185,吕良伟,185
185,曾泳醍,185
185,陈学冬,185
186,朱锐,186
186,蔡蝶,186
186,潘之琳,186
14,川岛茉树代,186
186,高英俊,186
186,周丽淇,186
186,刘钧,186
186,谢宁,186
186,张兆辉,186
186,宋晏舟,186
187,曾宝仪,187
187,胡可,187
187,侯勇,187
187,谢波,187
187,方中信,187
188,芦芳生,188
188,叶项明,188
188,毛林林,188
188,彭博,188
188,高洋,188
188,刘冠成,188
188,李依玲,188
8,官恩娜,188
189,焦俊艳,189
189,毛晓彤,189
189,颜锐鹏,189
189,刘奕君,189
7,倪萍,189
189,霍政谚,189
189,吕一,189
189,罗二羊,189
189,王智,189
189,陈亦飞,189
189,王思懿,189
190,徐露,190
190,于小伟,190
191,吴晓悯,191
191,石琳,191
191,边潇潇,191
191,张庆庆,191
191,郭家铭,191
192,任帅,192
192,海陆,192
192,蔡俊涛,192
193,王彩桦,193
193,赵子惠,193
193,包文婧,193
3,张根硕,193
193,薛俨,193
194,黎耀祥,194
194,邓萃雯,194
194,江铠同,194
194,李晟,194
194,程野,194
195,陈国坤,195
196,王一楠,196
196,房子斌,196
196,方子哥,196
196,吴越,196
197,赵久毅,197
197,叶祖新,197
197,李小萌,197
197,温韬,197
197,伍咏薇,197
197,蓝盈莹,197
197,马文龙,197
197,徐幸,197
198,沈磊,198
198,朱媛媛,198
198,阎青妤,198
198,魏大勋,198
199,杜奕衡,199
199,吴家乐,199
199,李卓霖,199
199,李治廷,199
199,翁虹,199
199,左小青,199
199,郭超,199
199,甘薇,199
200,刘松仁,200
200,钱泳辰,200
200,窦骁,200
200,王传君,200
201,阮兆祥,201
201,黄海冰,201
201,王笛,201
201,陈羽凡,201
201,杨舒婷,201
201,曹永廉,201
202,连凯,202
202,欧阳震华,202
202,宣萱,202
202,杨子姗,202
202,宫正楠,202
203,辛月,203
203,于月仙,203
204,张韶晖,204
204,萧浩冉,204
205,信鹏,205
205,张明健,205
205,王思思,205
206,黄帝,206
206,何政军,206
206,龙飞龙泽,206
206,刘羽琦,206
206,王志飞,206
207,刘智扬,207
207,高以翔,207
207,郑希怡,207
208,释小龙,208
208,徐飒,208
208,钱多多,208
208,赵毅,208
208,连奕名,208
208,王佳宁,208
208,蒋恺,208
208,牟凤彬,208
209,常晓阳,209
209,范雷,209
210,田原,210
210,胡海泉,210
210,赵阳,210
210,朱峰,210
211,马晓灿,211
211,蒋梦婕,211
212,周冬雨,212
212,潘粤明,212
212,夏雨,212
212,王文娜,212
212,叶一茜,212
212,董可飞,212
213,周小倩,213
213,张明明,213
213,宁文彤,213
213,高梓淇,213
213,白冰,213
213,秦丽,213
213,黄子佼,213
214,李东霖,214
214,热依扎,214
214,林江国,214
214,关智斌,214
214,韩雪,214
214,韩志,214
214,潘斌龙,214
215,申奥,215
215,炎亚纶,215
215,王媛可,215
215,杨珑,215
215,武洪武,215
216,曹友俊,216
216,吴樾,216
216,周琳皓,216
217,郑斯仁,217
217,马羚,217
217,钱嘉乐,217
217,宋洋,217
217,钱波,217
217,马元,217
217,钱奏曲,217
217,徐翠翠,217
218,杨波,218
218,马浚伟,218
5,冯德伦,218
219,朱雨辰,219
219,梁烈唯,219
220,何佳怡,220
220,沈凌,220
221,井柏然,221
221,李宗翰,221
222,乔振宇,222
222,张浩天,222
222,臧洪娜,222
222,万茜,222
222,余少群,222
223,钱芳,223
223,缪良,223
223,吴承骏,223
224,姚芊羽,224
224,吕夏,224
224,王建新,224
225,江珊,225
226,王力可,226
226,徐洁儿,226
226,赵子琪,226
227,李佳航,227
227,谢依霖,227
227,赵文卓,227
227,姚雨鑫,227
228,隋俊波,228
8,陈浩民,228
228,叶璇,228
228,陈艳萍,228
229,李沁,229
229,曹卫宇,229
229,朱丹青,229
229,林家川,229
230,郑亦桐,230
231,钟楚红,231
232,高亚麟,232
232,孟霞,232
232,苗圃,232
232,汪明荃,232
232,马浴柯,232
233,谢承颖,233
233,肖光奕,233
233,陈美行,233
235,李菁菁,235
235,李健,235
235,王菁华,235
235,李威,235
236,吴艺宽,236
236,王迅,236
236,童瑶,236
236,骆达华,236
237,阚清子,237
237,毕彦君,237
238,张海燕,238
238,濮存昕,238
238,张戈,238
238,杜若溪,238
239,苑琼丹,239
239,杨恭如,239
239,李光洁,239
239,钟镇涛,239
240,徐驰,240
240,隋凯,240
240,铁牛,240
241,高虎,241
241,代乐乐,241
241,张睿,241
241,米学东,241
242,谭耀文,242
242,侯传杲,242
243,郑伊健,243
243,张佳宁,243
244,钱漪,244
245,胡兵,245
245,罗家英,245
246,郑凯,246
247,涂松岩,247
248,孙淳,248
248,张秋歌,248
248,毛俊杰,248
248,贾延龙,248
249,吴映洁,249
249,杨志刚,249
249,经超,249
250,孙大川,250
250,戴立忍,250
250,林义有,250
251,魏千翔,251
251,梅婷,251
251,于晓光,251
251,刘云,251
251,张博,251
251,侯钧升,251
251,乔任梁,251
253,句号,253
253,梁静,253
253,田蕊妮,253
254,黄圣依,254
255,陈敏之,255
256,张露,256
256,李依晓,256
256,方安娜,256
257,左金珠,257
257,张嘉倪,257
258,胡军,258
258,沈晓海,258
259,麦长青,259
3,赵岩松,259
260,郑嘉颖,260
3,袁立,260
260,原雨,260
261,马启光,261
261,钟嘉欣,261
262,戴娇倩,262
8,朱梓骁,263
263,谭凯,263
265,张曦文,265
265,王景春,265
266,荣蓉,266
266,舒畅,266
267,张宁江,267
267,周秀娜,267
267,刘陆,267
268,高露,268
268,陈晓东,268
269,严屹宽,269
269,邓家佳,269
270,夏凡,270
270,文江,270
270,郑元畅,270
270,杨蓉,270
270,颜丹晨,270
270,林伊婷,270
271,雷佳音,271
271,邓细斌,271
272,阮经天,272
272,明道,272
273,迟帅,273
273,王子文,273
273,杨怡,273
275,任伟,275
275,王雷,275
276,郭广平,276
277,张卫健,277
277,谭维维,277
278,袁咏仪,278
278,张天其,278
280,蒋依依,280
280,任力威,280
281,方力申,281
282,林申,282
282,张震,282
284,郭碧婷,284
284,保剑锋,284
284,沈泰,284
285,李易峰,285
286,周野芒,286
286,张钧涵,286
286,于毅,286
286,张子萱,286
287,张静初,287
287,赵艺然,287
288,石小满,288
288,潘长江,288
288,黄奕,288
288,廖京生,288
289,李东学,289
289,李璨琛,289
291,蒋劲夫,291
291,张俪,291
292,王海燕,292
293,郝蕾,293
293,周韦彤,293
293,贾静雯,293
293,丁海峰,293
293,陈法拉,293
294,宣言,294
294,郭京飞,294
296,黄小闪,296
297,叶静,297
297,钟汉良,297
297,郭涛,297
297,沈腾,297
297,安琥,297
298,范伟,298
298,印小天,298
300,陈紫函,300
301,田亮,301
302,古巨基,302
303,李立群,303
305,孙坚,305
306,瞿颖,306
306,黄日华,306
307,韩栋,307
308,陈龙,308
309,郝平,309
310,樊少皇,310
311,杨紫,311
313,马天宇,313
315,罗晋,315
316,萨日娜,316
316,任达华,316
316,大左,316
317,纪雪菲,317
317,秦卫东,317
319,委员会,319
320,李乃文,320
320,柯蓝,320
321,翟小兴,321
321,景甜,321
322,张雨绮,322
326,郭晓冬,326
326,刘冠翔,326
327,侯佩岑,327
329,张檬,329
329,段奕宏,329
329,任程伟,329
331,孙茜,331
332,陈伟霆,332
332,陈数,332
333,董洁,333
334,曹炳琨,334
8,郝容,335
337,张钧宁,337
337,赵达,337
337,黄轩,337
337,娄艺潇,337
338,杨坤,338
338,孙艺洲,338
339,沙溢,339
339,袁姗姗,339
340,胡杏儿,340
340,陈晓,340
341,牛莉,341
342,阿雅,342
343,苏丽,343
343,吴京,343
343,袁弘,343
350,任山,350
351,刘天佐,351
352,陈柏霖,352
352,姜武,352
355,牛飘,355
356,陈键锋,356
359,王琳,359
361,解惠清,361
362,廖凡,362
362,洪天明,362
363,赵丽颖,363
364,黑子,364
365,甘婷婷,365
366,秦海璐,366
366,陈汉典,366
367,卢伟涛,367
367,任泉,367
371,张临,371
374,何佳洪,374
8,金秀贤,374
375,李念,375
375,班赞,375
378,蒋欣,378
380,林依晨,380
381,莫小棋,381
385,陈妍希,385
390,李梦男,390
392,杨千,392
392,贾乃亮,392
393,刘恺威,393
394,畲诗曼,394
395,赵又廷,395
398,张译,398
399,黄健翔,399
404,王丽坤,404
412,张智霖,412
413,聂远,413
414,刘亦菲,414
414,陆毅,414
415,林志玲,415
417,陈意涵,417
419,张翰,419
421,古力娜扎,421
427,何晟铭,427
428,江小爬,428
434,苏有朋,434
435,熊乃瑾,435
441,董璇,441
441,黄海波,441
449,洪剑涛,449
455,张国强,455
455,甄子丹,455
8,梁朝伟,460
460,戚薇,460
460,柯震东,460
466,倪妮,466
467,包贝尔,467
470,房祖名,470
3,苍井空,471
479,黄宗泽,479
484,任重,484
486,马苏,486
487,李小冉,487
494,柳岩,494
8,李敏镐,496
5,范晓萱,496
497,姚笛,497
497,梁咏琪,497
499,林更新,499
501,王祖蓝,501
506,何润东,506
507,韩庚,507
508,张晓龙,508
516,伊能静,516
517,杜汶泽,517
519,秦岚,519
527,应采儿,527
533,杨子,533
533,王宝强,533
3,刘烨,543
543,莫文蔚,543
548,安以轩,548
550,张馨予,550
553,刘涛,553
557,唐嫣,557
3,吴秀波,557
558,赵本山,558
560,霍思燕,560
562,陈小春,562
566,陈乔恩,566
571,桂纶镁,571
573,陈冠希,573
576,陈思诚,576
581,冯远征,581
583,刘诗诗,583
598,胡歌,598
599,王文辉,599
601,刘晓庆,601
604,吴彦祖,604
611,宋佳,611
5,徐若u,611
614,黄秋生,614
617,白百何,617
617,余文乐,617
629,杜淳,629
634,海清,634
656,陈赫,656
672,小沈阳,672
675,佟大为,675
688,吴佩慈,688
689,陈建州,689
712,郑恺,712
758,黄磊,758
760,吴奇隆,760
771,郑秀文,771
789,冯绍峰,789
822,徐峥,822
840,王珞丹,840
887,彭于晏,887
899,刘嘉玲,899
925,佟丽娅,925
944,李晨,944
947,张歆艺,947
971,林志颖,971
1006,林心如,1006
1037,高圆圆,1037
1083,李小璐,1083
3,成龙,1131
1172,马伊P,1172
1174,孙俪,1174
1189,黄晓明,1189
1209,王力宏,1209
1272,黄渤,1272
1302,李冰冰,1302
1392,徐熙媛,1392
1538,范冰冰,1538
1566,杨幂,1566
1755,陈坤,1755
1804,赵薇,1804
1940,姚晨,1940
1953,文章,1953
2188,宋丹丹,2188
